bootstrap,lambda,n_train_draws,n_train_unique,n_oob,irc_joint_week,irc_decoupled_week,delta_week,delta_year
0,0.0,480,358,443,0.1363570812327804,0.053534832868217246,0.08282224836456316,4.306756914957284
0,0.25,480,358,443,0.43367156027961723,-0.025743860970340968,0.45941542124995827,23.88960190499783
0,0.5,480,358,443,0.5840638303013684,0.027384844310772302,0.5566789859905962,28.947307271511
0,0.75,480,358,443,0.7780410619715239,0.06356022777316639,0.7144808341983575,37.153003378314594
0,1.0,480,358,443,0.993787541756569,0.14594299625525708,0.8478445455013119,44.08791636606822
1,0.0,480,358,443,0.08740873462743354,0.031020713105327807,0.05638802152210573,2.932177119149498
1,0.25,480,358,443,0.3460113274076563,0.04198474614406203,0.3040265812635943,15.809382225706901
1,0.5,480,358,443,0.6216765902479721,-0.09190648284971169,0.7135830730976838,37.10631980107956
1,0.75,480,358,443,0.8457854284717888,-0.004677775944281008,0.8504632044160697,44.22408662963562
1,1.0,480,358,443,1.0233435542233869,0.06511091290771669,0.9582326413156703,49.82809734841486
2,0.0,480,356,445,0.1801702107125175,0.04941646242919532,0.1307537482833222,6.799194910732755
2,0.25,480,356,445,0.32458930730944846,0.036130892717505934,0.28845841459194255,14.999837558781012
2,0.5,480,356,445,0.5893365435220344,-0.015838611324381118,0.6051751548464154,31.4691080520136
2,0.75,480,356,445,0.84336929683509,0.07789796148288568,0.7654713353522042,39.80450943831462
2,1.0,480,356,445,1.0059391866712677,0.025820022720039512,0.9801191639512282,50.966196525463864
3,0.0,480,377,424,0.15118358344956523,0.0474793713092623,0.10370421214030293,5.3926190312957525
3,0.25,480,377,424,0.4040734487495961,-0.047647871068503905,0.4517213198181,23.4895086305412
3,0.5,480,377,424,0.6073640236366581,-0.046202842140401,0.653566865777059,33.98547702040707
3,0.75,480,377,424,0.9060287700956778,-0.041299500156831405,0.9473282702525093,49.26107005313048
3,1.0,480,377,424,1.0278735296443333,0.01650589633111371,1.0113676333132195,52.59111693228742
4,0.0,480,361,440,0.15608613757333517,0.04257927330517181,0.11350686426816334,5.902356941944493
4,0.25,480,361,440,0.4068608644993818,0.004206846277157988,0.40265401822222374,20.938008947555634
4,0.5,480,361,440,0.5914665671210078,-0.09079349657028903,0.6822600636912969,35.47752331194744
4,0.75,480,361,440,0.7169495718731997,-0.15308693622064648,0.8700365080938463,45.241898420880005
4,1.0,480,361,440,1.0131392735716849,-0.053374239968475616,1.0665135135401604,55.458702704088346
5,0.0,480,360,441,0.1587820734122206,0.053997524015479505,0.10478454939674103,5.4487965686305335
5,0.25,480,360,441,0.4047180774628942,0.002684573912083628,0.4020335035508106,20.90574218464215
5,0.5,480,360,441,0.5713223009556462,-0.029692540133121743,0.6010148410887678,31.252771736615927
5,0.75,480,360,441,0.7997923432960236,0.06900717110144594,0.7307851721945776,38.000828954118035
5,1.0,480,360,441,1.0557682673357713,0.03039312794042228,1.0253751393953492,53.31950724855816
6,0.0,480,364,437,0.13425781019571334,0.0674323376581864,0.0668254725375269,3.4749245719513984
6,0.25,480,364,437,0.41593578017596644,-0.018664715922592678,0.43460049609855905,22.599225797125072
6,0.5,480,364,437,0.5271779525770981,-0.07412867617811664,0.6013066287552147,31.26794469527116
6,0.75,480,364,437,0.7790036705657007,-0.08079464891709943,0.8597983194828003,44.709512613105616
6,1.0,480,364,437,1.0453653184217246,-0.05794309150692829,1.1033084099286532,57.37203731628997
7,0.0,480,359,442,0.14626333483648316,0.04859215582674075,0.09767117900974238,5.078901308506604
7,0.25,480,359,442,0.3403324708986073,-0.021422447866341073,0.3617549187649484,18.81125577577732
7,0.5,480,359,442,0.5739884525929385,0.03955999164553141,0.5344284609474071,27.79027996926517
7,0.75,480,359,442,0.7139913030648447,-7.217134178733118e-05,0.7140634744066321,37.13130066914487
7,1.0,480,359,442,0.8781154972599784,-0.020544954979188828,0.8986604522391671,46.73034351643669
8,0.0,480,359,442,0.19735848742769885,-0.0002196106826029531,0.19757809811030183,10.274061101735695
8,0.25,480,359,442,0.443213729526034,0.05758194570070738,0.3856317838253266,20.052852758916984
8,0.5,480,359,442,0.5791720611321464,-0.0721354700686191,0.6513075312007655,33.8679916224398
8,0.75,480,359,442,0.8333741813020886,0.10658572902868922,0.7267884522733994,37.79299951821677
8,1.0,480,359,442,1.031824179902464,-0.02033135898165358,1.0521555388841173,54.7120880219741
9,0.0,480,372,429,0.15590421662979417,0.0696269672561645,0.08627724937362968,4.4864169674287435
9,0.25,480,372,429,0.4208037599535868,0.014059160401409792,0.40674459955217696,21.150719176713203
9,0.5,480,372,429,0.5927063803997011,-0.006904818782706801,0.599611199182408,31.179782357485216
9,0.75,480,372,429,0.7758972028983743,0.09752022603055209,0.6783769768678222,35.27560279712675
9,1.0,480,372,429,1.0027524208966327,0.018677812975792067,0.9840746079208407,51.17187961188372
10,0.0,480,365,436,0.12303266936172139,-0.0024586046895245443,0.1254912740512459,6.525546250664787
10,0.25,480,365,436,0.26986762718389007,-0.04823264908023483,0.3181002762641249,16.541214365734493
10,0.5,480,365,436,0.6208516574023901,-0.1229835093044531,0.7438351667068432,38.67942866875585
10,0.75,480,365,436,0.7818006385908643,-0.06054933906813943,0.8423499776590039,43.802198838268204
10,1.0,480,365,436,0.9541719713348129,0.10206356985373569,0.8521084014810775,44.309636877016025
11,0.0,480,352,449,0.17426520921905236,0.014783592929474999,0.1594816162895774,8.293044047058025
11,0.25,480,352,449,0.35861205459201073,-0.09594535101558233,0.454557405607593,23.636985091594838
11,0.5,480,352,449,0.6511189610687967,-0.056335285018795894,0.7074542460875927,36.78762079655482
11,0.75,480,352,449,0.8343794113454706,-0.0001134918497934218,0.834492903195264,43.39363096615373
11,1.0,480,352,449,1.0950755187547023,0.06567636856098216,1.02939915019372,53.52875581007344
12,0.0,480,358,443,0.14685035213335984,0.024106587781694108,0.12274376435166576,6.382675746286619
12,0.25,480,358,443,0.41333315006121035,0.019519397239036014,0.3938137528221744,20.47831514675307
12,0.5,480,358,443,0.548761474598161,0.028886019557183507,0.5198754550409774,27.033523662130825
12,0.75,480,358,443,0.8281796945400528,0.08404963051987384,0.744130064020179,38.69476332904931
12,1.0,480,358,443,0.9910673041495698,0.018814188607908164,0.9722531155416618,50.557162008166415
13,0.0,480,368,433,0.12232618287695878,-0.007458681048429775,0.12978486392538854,6.748812924120204
13,0.25,480,368,433,0.3706378836782928,0.020572346029889884,0.35006553764840304,18.20340795771696
13,0.5,480,368,433,0.5876581322195175,0.0015689202910106083,0.5860892119285067,30.47663902028235
13,0.75,480,368,433,0.8740469853339302,0.05284680760005515,0.821200177733875,42.7024092421615
13,1.0,480,368,433,1.0406310658387268,0.11544447218149706,0.9251865936572299,48.10970287017595
14,0.0,480,373,428,0.11634350966130146,0.06619911394976898,0.05014439571153248,2.607508576999689
14,0.25,480,373,428,0.35196932190218894,-0.02834489526727868,0.3803142171694676,19.776339292812317
14,0.5,480,373,428,0.6653479088921044,-0.04902845463969634,0.7143763635318009,37.147570903653644
14,0.75,480,373,428,0.8868156247398895,-0.009830340251579448,0.8966459649914689,46.62559017955638
14,1.0,480,373,428,1.1087706337996395,-0.14336625015563798,1.2521368839552773,65.11111796567442
15,0.0,480,365,436,0.1827439841830257,0.015187832215954218,0.1675561519670715,8.712919902287718
15,0.25,480,365,436,0.4144691407191004,-0.018112243183241408,0.43258138390234174,22.49423196292177
15,0.5,480,365,436,0.5763200549018628,-0.14625744069854069,0.7225774956004035,37.574029771220985
15,0.75,480,365,436,0.675005141122587,-0.0291231059829942,0.7041282471055813,36.61466884949023
15,1.0,480,365,436,1.0236542626152372,0.013336407857763672,1.0103178547574734,52.53652844738862
16,0.0,480,369,432,0.13800671425403066,0.04374990441693121,0.09425680983709944,4.901354111529171
16,0.25,480,369,432,0.35834596869170743,-0.03747555270837632,0.3958215214000837,20.58271911280435
16,0.5,480,369,432,0.6054442817045964,-0.03805964231818279,0.643503924022779,33.46220404918451
16,0.75,480,369,432,0.8488486790129067,-0.09329765756281377,0.9421463365757206,48.99160950193747
16,1.0,480,369,432,1.0369563235040375,0.006380670510756266,1.030575652993281,53.589933955650615
17,0.0,480,370,431,0.20229430958151806,0.08375033521202797,0.11854397436949009,6.164286667213484
17,0.25,480,370,431,0.35025821905121163,-0.003955811210661562,0.35421403026187315,18.419129573617404
17,0.5,480,370,431,0.6031643881294813,-0.0014523992188841775,0.6046167873483654,31.440072942115002
17,0.75,480,370,431,0.8073350834026979,-0.031823230517134656,0.8391583139198325,43.636232323831294
17,1.0,480,370,431,1.0703089219088078,-0.0410702669630545,1.1113791888718623,57.79171782133684
18,0.0,480,363,438,0.1934940543614285,0.028193713510117208,0.16530034085131126,8.595617724268186
18,0.25,480,363,438,0.33546532193925876,0.017350682270032183,0.31811463966922654,16.54196126279978
18,0.5,480,363,438,0.5709335979034607,0.023981678014326855,0.5469519198891338,28.44149983423496
18,0.75,480,363,438,0.818126986340513,-0.04272303103708793,0.8608500173776009,44.76420090363525
18,1.0,480,363,438,1.020970349201796,0.04250226251633823,0.9784680866854577,50.8803405076438
19,0.0,480,364,437,0.20116361913339617,0.0549271435715234,0.1462364755618728,7.604296729217386
19,0.25,480,364,437,0.24508479704943817,-0.008087529932356098,0.25317232698179426,13.164961003053302
19,0.5,480,364,437,0.5510450869170104,0.04027080957364895,0.5107742773433614,26.560262421854794
19,0.75,480,364,437,0.7279343588172137,-0.0022553278984630116,0.7301896867156766,37.96986370921518
19,1.0,480,364,437,0.9686808828106593,-0.03257496166443509,1.0012558444750943,52.065303912704906
20,0.0,480,353,448,0.1912994110091922,0.04468951223002861,0.14660989877916358,7.623714736516506
20,0.25,480,353,448,0.34372518257807705,-0.0022298904622313647,0.34595507304030837,17.989663798096036
20,0.5,480,353,448,0.578631986556304,0.0030691586660625664,0.5755628278902415,29.92926705029256
20,0.75,480,353,448,0.8220128222582596,4.49047470524084e-05,0.8219679175112071,42.74233171058277
20,1.0,480,353,448,1.017629177188043,0.023940255307674733,0.9936889218803684,51.67182393777916
21,0.0,480,359,442,0.10774562561342234,0.007923752740509445,0.09982187287291289,5.190737389391471
21,0.25,480,359,442,0.29020295502779897,-0.057549171350792384,0.3477521263785914,18.083110571686753
21,0.5,480,359,442,0.5414702187228265,-0.1008475335522108,0.6423177522750374,33.40052311830195
21,0.75,480,359,442,0.8086363454453522,0.016459017693131302,0.7921773277522207,41.19322104311548
21,1.0,480,359,442,0.9574301460689055,-0.08242710623157706,1.0398572523004825,54.072577119625095
22,0.0,480,360,441,0.18160451369787822,0.05301803059461284,0.12858648310326537,6.686497121369799
22,0.25,480,360,441,0.37918485429252174,-0.002567349270292982,0.3817522035628147,19.851114585266366
22,0.5,480,360,441,0.6008213940094049,-0.002063443802525112,0.60288483781193,31.35001156622036
22,0.75,480,360,441,0.819853395358174,-0.016266700296244312,0.8361200956544185,43.478244974029764
22,1.0,480,360,441,1.0478511014837453,0.03782350125966527,1.01002760022408,52.52143521165216
23,0.0,480,362,439,0.1476596729639508,0.03759849876297888,0.1100611742009719,5.723181058450539
23,0.25,480,362,439,0.3967896855101355,-0.00038197472445906797,0.39717166023459466,20.652926332198923
23,0.5,480,362,439,0.6213784145210376,-0.11507025419976802,0.7364486687208057,38.2953307734819
23,0.75,480,362,439,0.770875876422376,-0.06104791460600086,0.8319237910283769,43.2600371334756
23,1.0,480,362,439,0.9913646822619442,-0.049956007070649816,1.041320689332594,54.14867584529488
24,0.0,480,349,452,0.11437119808399086,0.05275206466270768,0.06161913342128316,3.2041949379067245
24,0.25,480,349,452,0.3182186658198928,0.02932906813745814,0.28888959768243455,15.022259079486597
24,0.5,480,349,452,0.6396392315221281,-0.11741321156134284,0.757052443083471,39.36672704034049
24,0.75,480,349,452,0.8083679430597688,-0.08386487330541953,0.8922328163651883,46.39610645098979
24,1.0,480,349,452,0.989471719619007,-0.013429508621220644,1.0029012282402276,52.15086386849184
25,0.0,480,364,437,0.1959042988920712,0.11261143655375853,0.08329286233831268,4.331228841592259
25,0.25,480,364,437,0.44969006912300213,-0.004968057293699784,0.4546581264167019,23.642222573668498
25,0.5,480,364,437,0.6244642408027294,-0.03267205902018933,0.6571362998229187,34.17108759079177
25,0.75,480,364,437,0.8300874984898458,-9.130914809787302e-05,0.8301788076379436,43.16929799717307
25,1.0,480,364,437,1.0327371106278085,-0.1463148273917106,1.179051938019519,61.310700777014986
26,0.0,480,349,452,0.11309504533070526,0.011054100168660553,0.1020409451620447,5.306129148426325
26,0.25,480,349,452,0.38304182962849814,-0.07254054947991438,0.4555823791084126,23.690283713637456
26,0.5,480,349,452,0.6596605337547448,-0.1386481072067506,0.7983086409614953,41.51204932999776
26,0.75,480,349,452,0.8684809833252569,0.11587893801776526,0.7526020453074918,39.13530635598957
26,1.0,480,349,452,0.9951890192946342,0.025150124827504762,0.9700388944671294,50.442022512290734
27,0.0,480,368,433,0.1349444969713117,0.0552348907602804,0.07970960621103128,4.144899522973627
27,0.25,480,368,433,0.32505074177761245,0.03274419111885312,0.2923065506587594,15.199940634255487
27,0.5,480,368,433,0.5541653261937212,-0.07267567974150778,0.626841005935229,32.59573230863191
27,0.75,480,368,433,0.7742548507934534,-0.058792442655502514,0.8330472934489559,43.31845925934571
27,1.0,480,368,433,0.9453813882977237,-0.03236359767747419,0.9777449859751979,50.84273927071029
28,0.0,480,362,439,0.0892501106549006,0.012128070611715964,0.07712204004318464,4.010346082245602
28,0.25,480,362,439,0.3931340612992218,0.00672978160447352,0.3864042796947483,20.09302254412691
28,0.5,480,362,439,0.5688522920596458,0.014486464848463474,0.5543658272111824,28.827023014981485
28,0.75,480,362,439,0.714782838039816,0.046109411910650086,0.668673426129166,34.771018158716636
28,1.0,480,362,439,1.0122435949431317,0.06637307228012032,0.9458705226630114,49.18526717847659
29,0.0,480,359,442,0.1263713064981936,0.0665257736745752,0.05984553282361838,3.111967706828156
29,0.25,480,359,442,0.4338942928487228,0.06012891755696097,0.3737653752917618,19.435799515171613
29,0.5,480,359,442,0.5820061840574884,-0.05006159156248421,0.6320677756199726,32.867524332238574
29,0.75,480,359,442,0.8175279756174539,0.016872133450002734,0.8006558421674512,41.634103792707464
29,1.0,480,359,442,1.044913474413327,0.05459146945390419,0.9903220049594228,51.496744257889986
30,0.0,480,359,442,0.1676263972362951,0.015130017808413795,0.1524963794278813,7.929811730249828
30,0.25,480,359,442,0.4319764442924855,0.04855568456008014,0.38342075973240536,19.93787950608508
30,0.5,480,359,442,0.5446313052818195,0.002006829517310278,0.5426244757645091,28.216472739754472
30,0.75,480,359,442,0.7847937833297153,0.06720998403330487,0.7175837992964103,37.31435756341333
30,1.0,480,359,442,1.077909298244076,0.08388832053423678,0.9940209777098393,51.689090840911646
31,0.0,480,356,445,0.20584620566135545,0.08111935306994678,0.12472685259140867,6.485796334753251
31,0.25,480,356,445,0.4396821684141431,0.015950071838530356,0.4237320965756127,22.034069021931863
31,0.5,480,356,445,0.6436659481309239,0.010020732835991435,0.6336452152949325,32.94955119533649
31,0.75,480,356,445,0.8755928228271032,0.04338083106041091,0.8322119917666922,43.275023571868
31,1.0,480,356,445,1.078596509558797,0.15744794059329056,0.9211485689655069,47.89972558620636
32,0.0,480,361,440,0.27983888903354004,0.04598246780271045,0.2338564212308296,12.160533904003138
32,0.25,480,361,440,0.32804637754044325,-0.04718841942091034,0.3752347969613536,19.512209441990386
32,0.5,480,361,440,0.6266936692017189,-0.0030225431346194284,0.6297162123363383,32.745243041489594
32,0.75,480,361,440,0.7935606895208434,0.020852696577383926,0.7727079929434594,40.180815633059886
32,1.0,480,361,440,0.9849308493686322,-0.0248029744465726,1.0097338238152047,52.50615883839065
33,0.0,480,357,444,0.2099853574953114,-0.006517998114760882,0.2165033556100723,11.25817449172376
33,0.25,480,357,444,0.42137479987124565,0.0023093290186661803,0.4190654708525795,21.791404484334134
33,0.5,480,357,444,0.5306489044722696,-0.07547035271715177,0.6061192571894214,31.518201373849912
33,0.75,480,357,444,0.8938070518632221,0.027254327992276277,0.866552723870946,45.06074164128919
33,1.0,480,357,444,0.9823152601670564,0.10883424316436312,0.8734810170026933,45.421012884140055
34,0.0,480,369,432,0.11152879187777967,0.05118708438634548,0.0603417074914342,3.1377687895545785
34,0.25,480,369,432,0.3657699953533338,-0.06521051779611388,0.43098051314944774,22.410986683771284
34,0.5,480,369,432,0.568977026115277,0.02778173131579207,0.541195294799485,28.14215532957322
34,0.75,480,369,432,0.8171937290307801,-0.0899267610427316,0.9071204900735118,47.17026548382261
34,1.0,480,369,432,1.0039693912466083,-0.046728151890827206,1.0506975431374357,54.63627224314666
35,0.0,480,372,429,0.10385020063666187,0.023779140596550945,0.08007106004011091,4.163695122085768
35,0.25,480,372,429,0.4085678712420201,0.0064462942146829155,0.40212157702733714,20.91032200542153
35,0.5,480,372,429,0.6281924135331365,-0.014845955757647026,0.6430383692907834,33.437995203120735
35,0.75,480,372,429,0.830624442715758,-0.021323624186402303,0.8519480669021602,44.30129947891233
35,1.0,480,372,429,1.0332280208979288,-0.07958943799187698,1.1128174588898057,57.86650786226989
36,0.0,480,355,446,0.10142514606838726,0.010151270163843137,0.09127387590454415,4.746241547036296
36,0.25,480,355,446,0.30688622255774944,-0.030121100450793557,0.337007323008543,17.524380796444238
36,0.5,480,355,446,0.5174760609842324,0.02485527514820416,0.49262078583602825,25.61628086347347
36,0.75,480,355,446,0.8052489099332713,-0.021546917208152314,0.8267958271414236,42.99338301135403
36,1.0,480,355,446,1.053308789173012,0.04503722752112183,1.00827156165189,52.43012120589828
37,0.0,480,357,444,0.1625849665401162,0.04248140649692266,0.12010356004319353,6.245385122246064
37,0.25,480,357,444,0.3684917830478368,0.011357160824308137,0.35713462222352865,18.57100035562349
37,0.5,480,357,444,0.5993934902802962,0.02345864797174978,0.5759348423085464,29.948611800044414
37,0.75,480,357,444,0.7388404617010814,-0.0413869380267085,0.78022739972779,40.57182478584508
37,1.0,480,357,444,0.9867743380410208,0.08298189623615443,0.9037924418048664,46.997206973853054
38,0.0,480,364,437,0.14176329657821646,-0.031149779307643816,0.17291307588586027,8.991479946064734
38,0.25,480,364,437,0.3220369029766174,-0.05647241019355656,0.37850931317017394,19.682484284849046
38,0.5,480,364,437,0.5972259049751155,0.03907235114349788,0.5581535538316178,29.023984799244126
38,0.75,480,364,437,0.827410234916534,-0.04263053493953461,0.8700407698560686,45.242120032515565
38,1.0,480,364,437,1.0270814317225587,0.00527579549078297,1.0218056362317758,53.13389308405234
39,0.0,480,362,439,0.22201995352442658,0.021633348406818718,0.20038660511760786,10.42010346611561
39,0.25,480,362,439,0.35906653866689536,-0.057105664232692525,0.41617220289958795,21.640954550778574
39,0.5,480,362,439,0.5289143091500546,-0.07146876536335177,0.6003830745134063,31.21991987469713
39,0.75,480,362,439,0.6909371172760683,-0.055575168103119035,0.7465122853791873,38.81863883971774
39,1.0,480,362,439,0.970280558432699,-0.11706780067508636,1.0873483591077857,56.54211467360486
40,0.0,480,348,453,0.16471605016272092,0.06294789288438178,0.10176815727833911,5.291944178473634
40,0.25,480,348,453,0.34543908492769154,-0.0062817420542415,0.35172082698193297,18.289483003060514
40,0.5,480,348,453,0.6090806437073988,-0.0700650374372537,0.6791456811446525,35.31557541952193
40,0.75,480,348,453,0.7284955639644096,-0.0008268090829174173,0.7293223730473272,37.92476339846101
40,1.0,480,348,453,1.0959368155568325,0.017433810037866305,1.078503005518966,56.082156286986226
41,0.0,480,368,433,0.15802808094039378,-0.012833922847001309,0.1708620037873951,8.884824196944546
41,0.25,480,368,433,0.4134662384735619,-0.04813283605303817,0.46159907452660004,24.003151875383203
41,0.5,480,368,433,0.6312888081057616,-0.06031437009429408,0.6916031782000558,35.9633652664029
41,0.75,480,368,433,0.9458179327598271,-0.012119744227280653,0.9579376769871076,49.8127592033296
41,1.0,480,368,433,1.143528101036941,-0.07266661896876021,1.216194720005701,63.242125440296455
42,0.0,480,361,440,0.11223612000676897,0.016977409811342638,0.09525871019542632,4.953452930162169
42,0.25,480,361,440,0.33207231947284854,0.06377581375719388,0.2682965057156546,13.95141829721404
42,0.5,480,361,440,0.5953594183829402,0.018741145328011913,0.5766182730549282,29.984150198856266
42,0.75,480,361,440,0.807404919924812,-0.08238777181184513,0.8897926917366572,46.269219970306175
42,1.0,480,361,440,0.8721270492185381,0.08520000851198962,0.7869270407065487,40.92020611674053
43,0.0,480,365,436,0.13905116187151975,0.03782745963292154,0.10122370223859821,5.263632516407107
43,0.25,480,365,436,0.4506937499643678,-0.018838692638251425,0.46953244260261917,24.415687015336196
43,0.5,480,365,436,0.6685945437193853,-0.0022539110582373385,0.6708484547776227,34.88411964843638
43,0.75,480,365,436,0.8225280334708096,-0.12826808986498425,0.9507961233357939,49.44139841346128
43,1.0,480,365,436,1.1020468466028057,0.043137101790262915,1.0589097448125429,55.06330673025223
44,0.0,480,367,434,0.19291724902499868,0.05050750707592569,0.14240974194907297,7.405306581351795
44,0.25,480,367,434,0.3530495485905629,-0.030572568767629607,0.3836221173581925,19.948350102626012
44,0.5,480,367,434,0.5879076514706617,0.03720886012477342,0.5506987913458883,28.63633714998619
44,0.75,480,367,434,0.7658703344651342,-0.07480351189514375,0.840673846360278,43.715040010734455
44,1.0,480,367,434,0.9688079339434428,0.12088428020418918,0.8479236537392536,44.09202999444119
45,0.0,480,365,436,0.0618242678217221,-0.003594547781975106,0.0654188156036972,3.4017784113922542
45,0.25,480,365,436,0.3988279303611417,-0.01851272333386625,0.417340653695008,21.701713992140416
45,0.5,480,365,436,0.5582014393728976,-0.032710208343653825,0.5909116477165516,30.72740568126068
45,0.75,480,365,436,0.8430897514077779,0.009892415340525401,0.8331973360672524,43.32626147549713
45,1.0,480,365,436,0.9194633330913171,0.107448577184517,0.8120147559068001,42.224767307153606
46,0.0,480,361,440,0.1763345536222213,-0.006625065920497325,0.18295961954271864,9.51390021622137
46,0.25,480,361,440,0.3386310012589848,-0.02836782398343445,0.36699882524241917,19.083938912605795
46,0.5,480,361,440,0.5132519541205108,-0.026427272075276946,0.5396792261957878,28.063319762180964
46,0.75,480,361,440,0.7152837940001686,-0.036407418348746626,0.7516912123489153,39.0879430421436
46,1.0,480,361,440,1.0264255821785835,-0.07518810233819564,1.1016136845167792,57.28391159487252
47,0.0,480,356,445,0.12893596718115116,0.011947335425724298,0.11698863175542684,6.083408851282195
47,0.25,480,356,445,0.3427442399343957,-0.05119290770610555,0.39393714764050125,20.484731677306065
47,0.5,480,356,445,0.6421201065533069,-0.007873490018226542,0.6499935965715335,33.79966702171974
47,0.75,480,356,445,0.8531790190595294,-0.0004108049685887809,0.8535898240281182,44.38667084946215
47,1.0,480,356,445,1.0142936852384128,0.06614107317516864,0.9481526120632442,49.3039358272887
48,0.0,480,356,445,0.1599031309785664,0.031474173410526954,0.12842895756803943,6.67830579353805
48,0.25,480,356,445,0.4312984680093998,-0.02096350542199912,0.45226197343139896,23.517622618432746
48,0.5,480,356,445,0.5509724143748106,-0.0424882670492626,0.5934606814240732,30.859955434051805
48,0.75,480,356,445,0.7644361391774244,-0.09441688956961244,0.8588530287470368,44.66035749484592
48,1.0,480,356,445,0.98411169625729,0.013483125031816584,0.9706285712254734,50.472685703724615
49,0.0,480,357,444,0.12281027108372101,0.07397573913072382,0.04883453195299721,2.539395661555855
49,0.25,480,357,444,0.39146194147544583,-0.038809039423106324,0.4302709808985521,22.374091006724708
49,0.5,480,357,444,0.6141739603053926,-0.13294882496790197,0.7471227852732946,38.85038483421132
49,0.75,480,357,444,0.8752202996266816,-0.023754697854138813,0.8989749974808203,46.746699869002654
49,1.0,480,357,444,1.0688673001449367,-0.04666381120147465,1.1155311113464115,58.0076177900134
50,0.0,480,362,439,0.16740404934388858,0.06768531583842123,0.09971873350546734,5.185374142284301
50,0.25,480,362,439,0.32215159532456417,0.001020179073008133,0.321131416251556,16.698833645080914
50,0.5,480,362,439,0.5984320244231068,-0.025613401271511762,0.6240454256946185,32.45036213612016
50,0.75,480,362,439,0.7580796792705186,0.058860557366583105,0.6992191219039353,36.35939433900464
50,1.0,480,362,439,1.0795024351048903,-0.06555969618016105,1.1450621312850513,59.543230826822665
51,0.0,480,374,427,0.15612788774089886,-0.007287549390303551,0.16341543713120243,8.497602730822527
51,0.25,480,374,427,0.39259458093407695,-0.006659033051420637,0.3992536139854976,20.761187927245874
51,0.5,480,374,427,0.606296067984624,-0.04422974459845015,0.6505258125830743,33.827342254319866
51,0.75,480,374,427,0.827591369919171,-0.009733347318764915,0.8373247172379359,43.540885296372664
51,1.0,480,374,427,0.9852777439604568,3.850389073092491e-05,0.985239240069726,51.23244048362575
52,0.0,480,355,446,0.13880324852794282,0.0177910265414315,0.12101222198651132,6.292635543298589
52,0.25,480,355,446,0.3232706191631664,-0.01584368121527229,0.33911430037843865,17.63394361967881
52,0.5,480,355,446,0.6354736184837673,-0.06342311981980805,0.6988967383035753,36.34263039178592
52,0.75,480,355,446,0.8235013429864758,0.050089149069967434,0.7734121939165085,40.21743408365844
52,1.0,480,355,446,1.0349602916619807,0.07035669062022643,0.9646036010417541,50.159387254171214
53,0.0,480,361,440,0.10304842242196195,0.003919601374807227,0.09912882104715473,5.154698694452046
53,0.25,480,361,440,0.37697093134310433,0.0379317101439601,0.3390392211991443,17.630039502355505
53,0.5,480,361,440,0.530862276019984,0.046239028376117715,0.4846232476438663,25.200408877481046
53,0.75,480,361,440,0.7330130197248309,0.09110092678456753,0.6419120929402634,33.379428832893694
53,1.0,480,361,440,0.8941732273121061,0.09516942762122592,0.7990037996908802,41.54819758392577
54,0.0,480,361,440,0.11344593027342234,0.05107419612279566,0.06237173415062669,3.243330175832588
54,0.25,480,361,440,0.36424518015100293,-0.006683996016250317,0.3709291761672533,19.288317160697172
54,0.5,480,361,440,0.5495566793619261,-0.06667452693419869,0.6162312062961247,32.044022727398485
54,0.75,480,361,440,0.7850866418354103,0.047704307650512784,0.7373823341848974,38.343881377614665
54,1.0,480,361,440,0.9456898943409086,0.0868854370136881,0.8588044573272205,44.65783178101547
55,0.0,480,359,442,0.20309003263524875,0.06660907141099773,0.136480961224251,7.097009983661051
55,0.25,480,359,442,0.4305518352004131,-0.010296208959844478,0.4408480441602576,22.924098296333394
55,0.5,480,359,442,0.5542119508176039,-0.03519921011761368,0.5894111609352175,30.64938036863131
55,0.75,480,359,442,0.7858562706827451,0.05333132274381581,0.7325249479389292,38.091297292824315
55,1.0,480,359,442,0.9911547641613945,0.13681759156270518,0.8543371725986892,44.425532975131844
56,0.0,480,355,446,0.14879556054752238,0.044805819106178306,0.10398974144134408,5.407466554949893
56,0.25,480,355,446,0.3468328759547147,-0.05467398135447333,0.40150685730918806,20.878356580077778
56,0.5,480,355,446,0.5789531027563594,-0.03263891340885439,0.6115920161652137,31.802784840591116
56,0.75,480,355,446,0.7999215293854962,-0.04629885395345566,0.846220383338952,44.00345993362551
56,1.0,480,355,446,0.9593297208653,-0.022144945650796638,0.9814746665160966,51.03668265883702
57,0.0,480,351,450,0.18215841992056633,0.060232244195707114,0.12192617572485924,6.3401611376926805
57,0.25,480,351,450,0.35918435572260593,0.04482243102022735,0.3143619247023785,16.34682008452368
57,0.5,480,351,450,0.6033458424702027,0.035577200496182876,0.5677686419740198,29.523969382649028
57,0.75,480,351,450,0.8378494461246407,0.030410700952020718,0.80743874517262,41.98681474897624
57,1.0,480,351,450,1.0300665397722952,0.10166662496003374,0.9283999148122611,48.27679557023758
58,0.0,480,350,451,0.19890922352320664,0.04224159348595839,0.15666763003724823,8.146716761936908
58,0.25,480,350,451,0.29789586085159325,-0.09526469146720919,0.3931605523188024,20.444348720577725
58,0.5,480,350,451,0.6052912597836506,-0.06603725264033385,0.6713285124239845,34.909082646047196
58,0.75,480,350,451,0.8309674057273242,-0.04380919674074438,0.8747766024680685,45.488383328339566
58,1.0,480,350,451,0.9515788899743959,0.023612353110068096,0.927966536864328,48.25425991694505
59,0.0,480,367,434,0.0789166206996743,0.01735876098821678,0.06155785971145752,3.201008704995791
59,0.25,480,367,434,0.3655895735752087,-0.016117036573053568,0.3817066101482623,19.84874372770964
59,0.5,480,367,434,0.5791966355771075,-0.03886554178732122,0.6180621773644288,32.139233222950295
59,0.75,480,367,434,0.7516746374367851,-0.015540268707490193,0.7672149061442751,39.895175119502305
59,1.0,480,367,434,0.9502949382024513,0.017099572578328916,0.9331953656241222,48.52615901245436
60,0.0,480,364,437,0.16794418990464252,0.027767786665359617,0.1401764032392829,7.289172968442711
60,0.25,480,364,437,0.28609174934362286,-0.021525069665827103,0.3076168190094499,15.996074588491396
60,0.5,480,364,437,0.4968239044370312,-0.05939992217359105,0.5562238266106223,28.92363898375236
60,0.75,480,364,437,0.8409306192241209,0.014527904390050028,0.8264027148340709,42.97294117137169
60,1.0,480,364,437,1.0526737615839619,0.1162739525463266,0.9363998090376352,48.69279006995703
61,0.0,480,353,448,0.15948225723016554,0.007691213285334576,0.15179104394483095,7.893134285131209
61,0.25,480,353,448,0.31924460829511564,-0.04619198865758616,0.36543659695270186,19.002703041540496
61,0.5,480,353,448,0.5408978189794108,0.006447880611510375,0.5344499383679003,27.79139679513082
61,0.75,480,353,448,0.8211857933850119,0.06365310038213674,0.757532693002875,39.3917000361495
61,1.0,480,353,448,0.990850032624599,0.09517476063219374,0.8956752719924052,46.57511414360507
62,0.0,480,370,431,0.16465935496937006,0.08613630007077902,0.07852305489859103,4.083198854726733
62,0.25,480,370,431,0.3955977402122518,0.01953175889291825,0.37606598131933355,19.555431028605344
62,0.5,480,370,431,0.5723049246565197,-0.05924575116246776,0.6315506758189875,32.84063514258735
62,0.75,480,370,431,0.9066389863056319,-0.08110809161662971,0.9877470779222616,51.3628480519576
62,1.0,480,370,431,1.1159708439156335,-0.0033139367541729445,1.1192847806698065,58.20280859482994
63,0.0,480,358,443,0.15104816117831085,0.05863176676615236,0.09241639441215853,4.805652509432243
63,0.25,480,358,443,0.3435890075457669,-0.04780254608508894,0.3913915536308558,20.352360788804503
63,0.5,480,358,443,0.566090140368239,-0.06644798510321036,0.6325381254714496,32.89198252451538
63,0.75,480,358,443,0.7932792760703173,0.005810045907341344,0.7874692301629759,40.948399968474746
63,1.0,480,358,443,0.9257870084438643,-0.12855476829098902,1.0543417767348535,54.825772390212386
64,0.0,480,360,441,0.16185850820544262,0.0494062411888976,0.11245226701654501,5.84751788486034
64,0.25,480,360,441,0.33487830154279863,0.02640481823581676,0.3084734833069819,16.040621131963057
64,0.5,480,360,441,0.6270000804284597,0.0902160282075602,0.5367840522208995,27.912770715486776
64,0.75,480,360,441,0.8344625685443537,0.14116400752240252,0.6932985610219513,36.05152517314147
64,1.0,480,360,441,1.0241466638711225,0.18084607555969406,0.8433005883114284,43.851630592194276
65,0.0,480,375,426,0.07379250925658704,0.034169276055849955,0.03962323320073708,2.060408126438328
65,0.25,480,375,426,0.35249049414182215,0.07893045153453594,0.27356004260728617,14.225122215578882
65,0.5,480,375,426,0.6425899216089207,0.10155006452846416,0.5410398570804565,28.13407256818374
65,0.75,480,375,426,0.7264575945038867,0.13214914126884322,0.5943084532350434,30.90403956822226
65,1.0,480,375,426,0.9738898405754062,0.06506875569672835,0.9088210848786779,47.25869641369125
66,0.0,480,371,430,0.09055990247514202,0.05313270233561112,0.0374272001395309,1.946214407255607
66,0.25,480,371,430,0.42114590704322336,0.05024094730975994,0.37090495973346344,19.2870579061401
66,0.5,480,371,430,0.6091362870260768,-0.02995746188720217,0.6390937489132791,33.232874943490515
66,0.75,480,371,430,0.8486997779974056,0.001681535607032449,0.8470182423903733,44.04494860429941
66,1.0,480,371,430,1.0620540029240013,0.08442080851550157,0.9776331944084999,50.836926109242
67,0.0,480,365,436,0.14806325808557477,0.054248290756915056,0.09381496732865972,4.878378301090305
67,0.25,480,365,436,0.3197920330752251,-0.016796508251607924,0.336588541326833,17.502604148995317
67,0.5,480,365,436,0.5706575060640889,-0.028027048446617634,0.5986845545107066,31.131596834556742
67,0.75,480,365,436,0.759267791612928,-0.021688490703340387,0.7809562823162683,40.60972668044595
67,1.0,480,365,436,0.9877542395012657,0.010567000067082203,0.9771872394341835,50.813736450577544
68,0.0,480,353,448,0.21593688303518244,0.09164802375505514,0.12428885928012727,6.463020682566618
68,0.25,480,353,448,0.3793060092326114,-0.022702341457399026,0.40200835069001045,20.904434235880544
68,0.5,480,353,448,0.641466223813867,-0.021502978249995162,0.6629692020638621,34.47439850732083
68,0.75,480,353,448,0.8670799209611465,-0.026792972778597046,0.8938728937397434,46.48139047446666
68,1.0,480,353,448,1.0417066461959237,0.035785179008871466,1.0059214671870522,52.30791629372671
69,0.0,480,352,449,0.11014618506433262,0.07213838403971468,0.03800780102461794,1.9764056532801328
69,0.25,480,352,449,0.3877844295344143,0.013747386897005354,0.37403704263740895,19.449926217145265
69,0.5,480,352,449,0.6273801878916885,-0.013578604046120941,0.6409587919378094,33.32985718076608
69,0.75,480,352,449,0.8642665415635254,0.04052990842331152,0.8237366331402138,42.83430492329112
69,1.0,480,352,449,0.9968172106678058,-0.009374448312042562,1.0061916589798483,52.32196626695211
70,0.0,480,365,436,0.08529822947549213,0.01789650550716042,0.06740172396833173,3.50488964635325
70,0.25,480,365,436,0.38045923043410973,-0.029612398047301466,0.4100716284814112,21.323724681033383
70,0.5,480,365,436,0.5300771468037779,-0.13131713812621776,0.6613942849299956,34.39250281635977
70,0.75,480,365,436,0.8205636096930683,-0.07062300865452625,0.8911866183475946,46.34170415407492
70,1.0,480,365,436,0.998683767181277,-0.0362936181085418,1.0349773852898188,53.81882403507058
71,0.0,480,357,444,0.12831472506692998,-0.013975117074060737,0.1422898421409907,7.399071791331516
71,0.25,480,357,444,0.3811779183606314,-0.045121540153217975,0.4262994585138494,22.16757184272017
71,0.5,480,357,444,0.6200778766623928,0.002694459600502631,0.6173834170618901,32.10393768721829
71,0.75,480,357,444,0.7897722184094665,-0.04287368728849634,0.8326459056979629,43.29758709629407
71,1.0,480,357,444,1.128072201043652,-0.17033207916768006,1.2984042802113323,67.51702257098928
72,0.0,480,357,444,0.09968219666714628,0.006566988307736388,0.09311520835940991,4.841990834689315
72,0.25,480,357,444,0.35296325139973145,-0.04665711004043895,0.3996203614401704,20.78025879488886
72,0.5,480,357,444,0.5111450955303553,-0.06489827467873363,0.5760433702090889,29.954255250872624
72,0.75,480,357,444,0.8274700594692187,-0.10105517026724849,0.9285252297364673,48.2833119462963
72,1.0,480,357,444,0.9006392599893159,-0.03451898828452589,0.9351582482738419,48.62822891023978
73,0.0,480,354,447,0.17334918488255877,0.004089075445489918,0.16926010943706885,8.80152569072758
73,0.25,480,354,447,0.37744820109678895,-0.0625952781997353,0.44004347929652426,22.882260923419263
73,0.5,480,354,447,0.5636978915460933,-0.0011521659236179579,0.5648500574697113,29.372202988424988
73,0.75,480,354,447,0.8515416609444016,0.013554989784816271,0.8379866711595854,43.575306900298436
73,1.0,480,354,447,1.041169846871551,-0.04967017614021991,1.0908400230117707,56.72368119661208
74,0.0,480,376,425,0.17639889453721633,0.05649349728398116,0.11990539725323515,6.235080657168228
74,0.25,480,376,425,0.38961243609338986,-0.008743737060240946,0.39835617315363087,20.714521003988803
74,0.5,480,376,425,0.6234750021566472,0.03556220046116347,0.5879128016954838,30.571465688165155
74,0.75,480,376,425,0.7401678300907019,0.13110540683406474,0.6090624232566371,31.671246009345126
74,1.0,480,376,425,0.9675978882577612,0.14394877043231682,0.8236491178254445,42.82975412692311
75,0.0,480,357,444,0.1545622651125161,0.016247614349384758,0.1383146507631314,7.192361839682833
75,0.25,480,357,444,0.3678327887265679,-0.03816815385054172,0.40600094257710967,21.112049014009703
75,0.5,480,357,444,0.6558315208960936,-0.05791612772718638,0.71374764862328,37.11487772841056
75,0.75,480,357,444,0.856830435640845,0.0011809237636903412,0.8556495118771548,44.49377461761205
75,1.0,480,357,444,1.030743462080238,-0.012997852689819102,1.0437413147700572,54.27454836804297
76,0.0,480,361,440,0.11153681304571579,0.02352583348799734,0.08801097955771846,4.576570937001359
76,0.25,480,361,440,0.369170534249024,-0.060723603932975274,0.4298941381819993,22.354495185463964
76,0.5,480,361,440,0.5677267016377059,-0.06415529053862924,0.631881992176335,32.85786359316942
76,0.75,480,361,440,0.8381285083507182,-0.0035440322185041513,0.8416725405692222,43.76697210959956
76,1.0,480,361,440,1.006993267172301,0.05636683053055451,0.9506264366417465,49.43257470537082
77,0.0,480,370,431,0.12328994064054948,0.0895008167270971,0.033789123913452394,1.7570344434995244
77,0.25,480,370,431,0.35793317082045617,-0.027744744600022242,0.38567791542047836,20.055251601864875
77,0.5,480,370,431,0.4999035568053445,-0.017106864436353116,0.5170104212416975,26.88454190456827
77,0.75,480,370,431,0.8204091677198416,-0.06237221849496346,0.8827813862148052,45.90463208316987
77,1.0,480,370,431,1.0510152626550207,0.020145207488918744,1.0308700551661019,53.6052428686373
78,0.0,480,352,449,0.16054573590582358,0.04828754836366905,0.11225818754215454,5.837425752192036
78,0.25,480,352,449,0.2997922245037825,0.005629899119878982,0.2941623253839035,15.296440919962983
78,0.5,480,352,449,0.4904682816735064,-0.09695085751814447,0.5874191391916509,30.545795237965848
78,0.75,480,352,449,0.7953627965974424,-0.07429138209491114,0.8696541786923535,45.222017292002384
78,1.0,480,352,449,0.9735900370327879,0.028719880794452923,0.9448701562383347,49.133248124393404
79,0.0,480,367,434,0.07816050239595815,0.01915451984862474,0.05900598254733339,3.0683110924613364
79,0.25,480,367,434,0.39235837513673405,-0.012037259112323449,0.40439563424905756,21.028572980950994
79,0.5,480,367,434,0.639300801369296,-0.0019129622430446378,0.6412137636123406,33.34311570784171
79,0.75,480,367,434,0.8377772092614816,-0.06608057883121457,0.9038577880926961,47.0006049808202
79,1.0,480,367,434,1.0198559802743457,-0.05799788476717259,1.0778538650415184,56.04840098215895
80,0.0,480,356,445,0.12392429072378233,0.017720023554668625,0.10620426716911373,5.5226218927939135
80,0.25,480,356,445,0.38241233393823026,-0.039814464729463414,0.4222267986676937,21.955793530720072
80,0.5,480,356,445,0.6344991882641978,-0.1233324941651972,0.757831682429395,39.407247486328544
80,0.75,480,356,445,0.7961592160365076,-0.09225360974854453,0.8884128257850521,46.19746694082271
80,1.0,480,356,445,1.0653897964043562,-0.09751570805316731,1.1629055044575238,60.47108623179124
81,0.0,480,358,443,0.12910263909156489,0.06067693204983527,0.06842570704172964,3.558136766169941
81,0.25,480,358,443,0.3531318956056213,0.021958120724664743,0.3311737748809566,17.221036293809743
81,0.5,480,358,443,0.5919384699688994,0.03585407665792661,0.5560843933109729,28.916388452170594
81,0.75,480,358,443,0.7769614147288016,0.008170636789573039,0.7687907779392286,39.977120452839884
81,1.0,480,358,443,1.0218347322971406,0.012898440240798156,1.0089362920563425,52.46468718692981
82,0.0,480,375,426,0.13033532416351007,0.0186306716296219,0.11170465253388814,5.808641931762184
82,0.25,480,375,426,0.44307771112735705,-0.005914737568420743,0.44899244869577776,23.347607332180445
82,0.5,480,375,426,0.6234452542843767,-0.009386616512851687,0.6328318707972284,32.90725728145588
82,0.75,480,375,426,0.8585696077101509,-0.030633534164100095,0.8892031418742511,46.238563377461055
82,1.0,480,375,426,1.0381673906762112,-0.011765641698095769,1.0499330323743068,54.59651768346395
83,0.0,480,365,436,0.14222482916851328,0.007210173271392689,0.1350146558971206,7.020762106650272
83,0.25,480,365,436,0.30830998819330796,-0.047741023655967746,0.3560510118492756,18.514652616162333
83,0.5,480,365,436,0.5196123616538353,0.008108840330606775,0.5115035213232285,26.598183108807884
83,0.75,480,365,436,0.6845350951282312,0.07093628671918814,0.6135988084090431,31.907138037270244
83,1.0,480,365,436,0.9571028208750968,0.09802111550345669,0.8590817053716403,44.67224867932529
84,0.0,480,362,439,0.1484483660084395,0.058763260154443164,0.08968510585399633,4.663625504407809
84,0.25,480,362,439,0.4080829753350315,-0.028988395382526302,0.43707137071755786,22.72771127731301
84,0.5,480,362,439,0.6387177915003763,0.06298445658593947,0.5757333349144369,29.93813341555072
84,0.75,480,362,439,0.8019891770227497,0.002514086388210198,0.7994750906345396,41.57270471299606
84,1.0,480,362,439,1.0796758576383565,-0.046376585107561645,1.126052442745918,58.55472702278774
85,0.0,480,352,449,0.13916623317316118,0.09619237142831609,0.04297386174484511,2.2346408107319458
85,0.25,480,352,449,0.4114729149849366,-0.013951081667211295,0.4254239966521479,22.122047825911693
85,0.5,480,352,449,0.554827508641222,0.005656113479532359,0.5491713951616897,28.556912548407862
85,0.75,480,352,449,0.7754751142091554,-0.05004080451436561,0.825515918723521,42.926827773623096
85,1.0,480,352,449,0.970130999536764,-0.08396430890675986,1.0540953084435238,54.81295603906324
86,0.0,480,368,433,0.09638155998569765,0.05265387568116753,0.043727684304530126,2.2738395838355667
86,0.25,480,368,433,0.3527736877773681,0.016611924381675806,0.33616176339569226,17.480411696576
86,0.5,480,368,433,0.577679709977615,0.017181034065102106,0.5604986759125129,29.14593114745067
86,0.75,480,368,433,0.7295929479184882,0.05058516953317144,0.6790077783853167,35.308404476036465
86,1.0,480,368,433,0.9808550051328689,0.08407984661049167,0.8967751585223774,46.63230824316363
87,0.0,480,341,460,0.0889364293306006,0.004075731692963349,0.08486069763763726,4.412756277157138
87,0.25,480,341,460,0.37897517938241065,0.024494263005339332,0.35448091637707124,18.433007651607703
87,0.5,480,341,460,0.5692964589869259,0.017340288053316583,0.5519561709336094,28.701720888547687
87,0.75,480,341,460,0.7600657220424523,0.054474632288687035,0.7055910897537652,36.690736667195786
87,1.0,480,341,460,0.9878226201641691,0.14760418827833255,0.8402184318858366,43.691358458063505
88,0.0,480,356,445,0.15590457057690021,0.021603446288831516,0.13430112428806873,6.983658462979574
88,0.25,480,356,445,0.4287271960019764,0.06324528634922907,0.3654819096527473,19.005059301942858
88,0.5,480,356,445,0.5733546563677039,0.0639988400763488,0.5093558162913551,26.486502447150464
88,0.75,480,356,445,0.7806157870330014,0.059900420687395484,0.720715366345606,37.47719904997151
88,1.0,480,356,445,1.0551840411758193,0.2648582056865803,0.7903258354892391,41.09694344544043
89,0.0,480,354,447,0.17415768820109687,0.02042714386905105,0.15373054433204583,7.993988305266384
89,0.25,480,354,447,0.3386466962221015,0.03990744431749865,0.29873925190460277,15.534441099039343
89,0.5,480,354,447,0.5888249441208478,0.0322524907093469,0.556572453411501,28.94176757739805
89,0.75,480,354,447,0.8294270301503937,-0.02415343755590543,0.853580467706299,44.38618432072755
89,1.0,480,354,447,1.0167250880358325,0.05900092246686652,0.9577241655689661,49.80165660958624
90,0.0,480,364,437,0.13871218241296576,0.05788315810748904,0.0808290243054767,4.203109263884788
90,0.25,480,364,437,0.31032392683812593,-0.029475394519767273,0.33979932135789326,17.669564710610448
90,0.5,480,364,437,0.5728104814765471,0.015989311823058874,0.5568211696534883,28.95470082198139
90,0.75,480,364,437,0.7908391680535715,-0.008347186995226588,0.7991863550487981,41.5576904625375
90,1.0,480,364,437,1.0712061110417819,0.08948652697605455,0.9817195840657275,51.04941837141783
91,0.0,480,365,436,0.0768090968552855,0.08116504587897191,-0.004355949023686394,-0.22650934923169247
91,0.25,480,365,436,0.4313485019671126,0.040340337014679435,0.3910081649524331,20.332424577526524
91,0.5,480,365,436,0.6219599822735503,0.04335705260209937,0.578602929671451,30.08735234291545
91,0.75,480,365,436,0.7886450377270812,-0.02162922532995933,0.8102742630570403,42.1342616789661
91,1.0,480,365,436,1.0486043440366515,0.045471968717073805,1.0031323753195776,52.16288351661803
92,0.0,480,365,436,0.2015956484886714,0.04329636409799613,0.15829928439067525,8.231562788315113
92,0.25,480,365,436,0.35618122702819877,-0.05464428067824697,0.4108255077064457,21.362926400735176
92,0.5,480,365,436,0.6211853495857802,-0.0787690815166241,0.6999544311024043,36.397630417325026
92,0.75,480,365,436,0.7958038424426773,0.03784629249601091,0.7579575499466663,39.413792597226646
92,1.0,480,365,436,1.0575441757799982,-0.028759611006501495,1.0863037867864997,56.487796912897984
93,0.0,480,357,444,0.11893324230484138,0.02228652221732776,0.09664672008751361,5.025629444550708
93,0.25,480,357,444,0.38209828642750593,-0.01872996621570098,0.40082825264320693,20.84306913744676
93,0.5,480,357,444,0.6312785520379064,0.00723442989417961,0.6240441221437268,32.450294351473794
93,0.75,480,357,444,0.6916224441015025,-0.07799816696514503,0.7696206110666475,40.020271775465666
93,1.0,480,357,444,0.9305711920555684,-0.11978145978607083,1.050352651841639,54.61833789576523
94,0.0,480,361,440,0.13266325196996484,0.012308969337753758,0.12035428263221105,6.258422696874975
94,0.25,480,361,440,0.361722707564281,-0.07983877431140303,0.44156148187568395,22.961197057535564
94,0.5,480,361,440,0.6051402484789596,-0.10263668348950901,0.7077769319684687,36.80440046236037
94,0.75,480,361,440,0.8434507687591543,-0.1456855115795413,0.9891362803386956,51.43508657761217
94,1.0,480,361,440,1.0556783528611562,0.03299930380195473,1.0226790490592015,53.17931055107848
95,0.0,480,364,437,0.10181887242913402,0.022629586398723662,0.07918928603041035,4.117842873581338
95,0.25,480,364,437,0.37016506747287664,0.04168930531513826,0.3284757621577384,17.080739632202395
95,0.5,480,364,437,0.525449369447133,-0.05001729746848883,0.575466666915622,29.924266679612344
95,0.75,480,364,437,0.8518851699461649,-0.02980435943572141,0.8816895293818864,45.847855527858094
95,1.0,480,364,437,1.0679841921937712,-0.09659889309620394,1.1645830852899752,60.55832043507871
96,0.0,480,354,447,0.20329689832877018,0.08642994988258108,0.11686694844618906,6.077081319201831
96,0.25,480,354,447,0.4071900254144983,-0.020738830041405285,0.4279288554559036,22.252300483706986
96,0.5,480,354,447,0.49221043666344594,0.05090419673843179,0.4413062399250141,22.947924476100734
96,0.75,480,354,447,0.8428671085535504,0.08374362181480582,0.7591234867387446,39.47442131041472
96,1.0,480,354,447,0.9969141723115776,0.00014906065211936113,0.9967651116594584,51.83178580629183
97,0.0,480,357,444,0.07594635834606944,9.176201452101376e-07,0.07594544072592423,3.9491629177480596
97,0.25,480,357,444,0.30704080740307377,-0.05468087154172022,0.36172167894479407,18.80952730512929
97,0.5,480,357,444,0.5293023072583491,-0.017343425376338744,0.546645732634688,28.425578097003775
97,0.75,480,357,444,0.8109903354688334,-0.07357373895462292,0.8845640744234564,45.997331870019735
97,1.0,480,357,444,0.9840690337266896,0.02092100796030097,0.9631480257663887,50.083697339852215
98,0.0,480,374,427,0.07709261321426145,0.02207386699375476,0.05501874622050669,2.860974803466348
98,0.25,480,374,427,0.3970541657938192,0.029567484058126918,0.3674866817356922,19.109307450255994
98,0.5,480,374,427,0.5442562126050466,0.030277524311504007,0.5139786882935427,26.72689179126422
98,0.75,480,374,427,0.806058720388484,0.11679056474565734,0.6892681556428267,35.84194409342699
98,1.0,480,374,427,1.1106677795208948,0.11596298225564625,0.9947047972652485,51.72464945779292
99,0.0,480,362,439,0.18279368537661977,0.04075221522491688,0.1420414701517029,7.386156447888551
99,0.25,480,362,439,0.3867124865212377,0.008770918225048904,0.37794156829618886,19.65296155140182
99,0.5,480,362,439,0.5570702527632508,0.011989021706783376,0.5450812310564673,28.3442240149363
99,0.75,480,362,439,0.8403030157174679,0.026330954559560655,0.8139720611579071,42.32654718021117
99,1.0,480,362,439,1.071530248756281,0.026341440714186856,1.045188808042094,54.349818018188884
100,0.0,480,368,433,0.15912261691366544,0.05322498586597659,0.10589763104768889,5.506676814479822
100,0.25,480,368,433,0.33439481951768973,-0.051733497338639384,0.38612831685632915,20.078672476529114
100,0.5,480,368,433,0.6124031496354724,-0.054695947222345484,0.667099096857818,34.689153036606534
100,0.75,480,368,433,0.8899090389537542,0.0004441828907034663,0.8894648560630507,46.25217251527864
100,1.0,480,368,433,1.1278250107792656,0.14598524702173174,0.9818397637575339,51.05566771539176
101,0.0,480,358,443,0.18046564498787307,0.10395048214582328,0.07651516284204977,3.9787884677865883
101,0.25,480,358,443,0.36893042574208923,-0.020788422707056095,0.3897188484491454,20.265380119355562
101,0.5,480,358,443,0.5620681156165558,-0.0653864313852835,0.6274545470018392,32.62763644409564
101,0.75,480,358,443,0.7857568678183003,-0.06485984652682127,0.8506167143451216,44.232069145946326
101,1.0,480,358,443,1.0268241731710506,-0.01572180244775538,1.042545975618806,54.212390732177916
102,0.0,480,355,446,0.17381265490209508,0.07323376951667948,0.10057888538541562,5.230102040041612
102,0.25,480,355,446,0.3759777182554994,-0.09017559206828556,0.466153310323785,24.23997213683682
102,0.5,480,355,446,0.5525101187364517,-0.029553325312263755,0.5820634440487155,30.267299090533204
102,0.75,480,355,446,0.8550267196109539,-0.10472133694783835,0.9597480565587921,49.90689894105719
102,1.0,480,355,446,1.0143028566027892,-0.11081799365154557,1.1251208502543346,58.5062842132254
103,0.0,480,358,443,0.05675413987821467,-0.018367097614903925,0.0751212374931186,3.9063043496421668
103,0.25,480,358,443,0.3982861444322613,-0.030539795923768084,0.4288259403560293,22.298948898513522
103,0.5,480,358,443,0.6918305918807204,-0.01999882233668092,0.7118294142174013,37.015129539304866
103,0.75,480,358,443,0.844745244813237,-0.03318232744895628,0.8779275722621935,45.652233757634065
103,1.0,480,358,443,1.0810568414911979,0.07773779466672509,1.0033190468244728,52.17259043487259
104,0.0,480,358,443,0.1624586035354934,0.06040818769966353,0.1020504158358299,5.306621623463155
104,0.25,480,358,443,0.38005842161759096,0.06812628325215883,0.31193213836543215,16.22047119500247
104,0.5,480,358,443,0.5818892860055953,0.06822616121490412,0.5136631247906912,26.710482489115943
104,0.75,480,358,443,0.7724281420947706,0.03615781315546692,0.7362703289393038,38.2860571048438
104,1.0,480,358,443,1.0030786380268608,0.032917036877596,0.9701616011492649,50.448403259761776
105,0.0,480,356,445,0.1458736308749129,0.049127229124280594,0.0967464017506323,5.0308128910328795
105,0.25,480,356,445,0.31343449670959767,-0.003463688173703181,0.3168981848833009,16.47870561393165
105,0.5,480,356,445,0.6174218942978605,-0.12209166420860862,0.7395135585064692,38.4547050423364
105,0.75,480,356,445,0.7624082795824488,-0.060544539837239085,0.8229528194196879,42.79354660982377
105,1.0,480,356,445,0.9938757035814183,-0.0668223392212714,1.0606980428026898,55.15629822573987
106,0.0,480,353,448,0.12116575357546268,0.06553849955503903,0.05562725402042363,2.8926172090620286
106,0.25,480,353,448,0.4259499192972772,-0.02609098723572698,0.45204090653300427,23.506127139716224
106,0.5,480,353,448,0.6903228993344505,0.002456901448488678,0.6878659978859618,35.76903189007001
106,0.75,480,353,448,0.7685790129866478,-0.023456879196853655,0.7920358921835015,41.18586639354208
106,1.0,480,353,448,1.0082600246769413,-0.00522611812332257,1.013486142800264,52.70127942561373
107,0.0,480,374,427,0.1594327953929763,0.05742014315334401,0.10201265223963228,5.3046579164608785
107,0.25,480,374,427,0.43050802675503796,0.017499481068893038,0.413008545686145,21.476444375679538
107,0.5,480,374,427,0.648188831267652,0.08173026605531457,0.5664585652123375,29.45584539104155
107,0.75,480,374,427,0.8779953208813506,-0.036284166770259474,0.9142794876516099,47.54253335788372
107,1.0,480,374,427,1.012025117522084,0.06266982484082267,0.9493552926812613,49.36647521942559
108,0.0,480,373,428,0.19102581251688286,0.007468285546757096,0.18355752697012578,9.544991402446541
108,0.25,480,373,428,0.39055428572199774,0.03700770056095784,0.35354658516104,18.38442242837408
108,0.5,480,373,428,0.59007973359159,0.040035284322400534,0.5500444492691895,28.602311361997852
108,0.75,480,373,428,0.8564930344592264,0.010038674248579542,0.8464543602106467,44.01562673095363
108,1.0,480,373,428,1.0412609874412884,0.11081568368135858,0.9304453037599295,48.38315579551634
109,0.0,480,366,435,0.19804502501745527,0.06201676396317098,0.1360282610542843,7.073469574822784
109,0.25,480,366,435,0.3051040740148935,0.04993006394502412,0.2551740100698694,13.26904852363321
109,0.5,480,366,435,0.5843541430887815,-0.012517200288370556,0.5968713433771521,31.03730985561191
109,0.75,480,366,435,0.8043436624803159,-0.01916047043447404,0.8235041329147899,42.82221491156907
109,1.0,480,366,435,1.0257238647252156,0.030724627924788507,0.994999236800427,51.739960313622205
110,0.0,480,359,442,0.18160119954802403,0.05717192729458808,0.12442927225343596,6.4703221571786695
110,0.25,480,359,442,0.437143936470365,-0.04975715612992716,0.4869010926002922,25.318856815215195
110,0.5,480,359,442,0.6393169217452779,-0.022125361810897737,0.6614422835561756,34.39499874492113
110,0.75,480,359,442,0.781690104189765,0.12255335192834271,0.6591367522614224,34.275111117593966
110,1.0,480,359,442,1.0303154584505776,0.0974243715217535,0.9328910869288242,48.51033652029886
111,0.0,480,356,445,0.12886017068806954,0.08027154259883086,0.04858862808923868,2.5266086606404112
111,0.25,480,356,445,0.46984002709387834,0.017693771216496436,0.45214625587738194,23.51160530562386
111,0.5,480,356,445,0.6613070052395067,-0.010030315091382363,0.671337320330889,34.90954065720623
111,0.75,480,356,445,0.8196199245182626,-0.08142650072597253,0.9010464252442351,46.854414112700226
111,1.0,480,356,445,0.9517315872703747,-0.008857079150201562,0.9605886664205762,49.95061065386996
112,0.0,480,354,447,0.1608995976508332,0.09282888483890821,0.06807071281192499,3.5396770662200994
112,0.25,480,354,447,0.3830468193531545,-0.02213830529039936,0.4051851246435539,21.0696264814648
112,0.5,480,354,447,0.6522545665985832,-0.009356236771895227,0.6616108033704782,34.40376177526487
112,0.75,480,354,447,0.8047059994412462,-0.03022724578426548,0.8349332452255117,43.41652875172661
112,1.0,480,354,447,1.042581160008525,0.06191220015286035,0.9806689598556648,50.99478591249457
113,0.0,480,363,438,0.15620055636681499,0.006642290397985613,0.14955826596882937,7.777029830379128
113,0.25,480,363,438,0.3482621723287167,0.02488729906546771,0.32337487326324893,16.815493409688944
113,0.5,480,363,438,0.6193274233338693,-0.04213852363547234,0.6614659469693416,34.39622924240576
113,0.75,480,363,438,0.909121510263903,-0.0450512751124894,0.9541727853763924,49.6169848395724
113,1.0,480,363,438,1.0568115600633607,0.07735885855173373,0.979452701511627,50.9315404786046
114,0.0,480,366,435,0.17978796517641227,0.03990506673606188,0.1398828984403504,7.273910718898221
114,0.25,480,366,435,0.35853931985511084,-0.006821975520048882,0.3653612953751597,18.998787359508306
114,0.5,480,366,435,0.6073239878640279,0.04291522803035814,0.5644087598336698,29.34925551135083
114,0.75,480,366,435,0.8055256394874039,-0.041858811934730504,0.8473844514221341,44.06399147395098
114,1.0,480,366,435,1.01181099935435,0.13252275637015234,0.8792882429841975,45.72298863517827
115,0.0,480,370,431,0.2367589753366678,0.08340786674285106,0.15335110859381673,7.9742576468784705
115,0.25,480,370,431,0.411122558864922,-0.03834791284021883,0.4494704717051408,23.372464528667322
115,0.5,480,370,431,0.6066652174181499,-0.02538801879247939,0.6320532362106294,32.86676828295273
115,0.75,480,370,431,0.777638263667937,0.011381840352447332,0.7662564233154896,39.84533401240546
115,1.0,480,370,431,1.0691191014612553,0.002671887626146263,1.0664472138351089,55.45525511942566
116,0.0,480,369,432,0.08574148855162093,0.0252026006722395,0.06053888787938145,3.1480221697278354
116,0.25,480,369,432,0.3813163914311226,-0.011501574289061966,0.39281796572018457,20.426534217449596
116,0.5,480,369,432,0.6402456844665105,0.026841714221302278,0.6134039702452083,31.897006452750833
116,0.75,480,369,432,0.8510632245352004,-0.00184361544956476,0.8529068399847651,44.351155679207785
116,1.0,480,369,432,1.0792928929541592,0.19511651157662577,0.8841763813775332,45.97717183163172
117,0.0,480,364,437,0.08766463643317371,-0.010072723225358191,0.09773735965853189,5.0823427022436585
117,0.25,480,364,437,0.4668871759804369,0.0655189831516849,0.40136819282875197,20.8711460270951
117,0.5,480,364,437,0.6822656076908717,0.0238612416593804,0.6584043660314913,34.237027033637546
117,0.75,480,364,437,0.8586447250882854,-0.001995414002865834,0.8606401390911512,44.753287232739865
117,1.0,480,364,437,1.0207881125813498,-0.17487064620164264,1.1956587587829925,62.17425545671561
118,0.0,480,373,428,0.1863135472284332,0.012088106427452028,0.1742254408009812,9.059722921651023
118,0.25,480,373,428,0.28480098149634553,-0.021250492885622273,0.3060514743819678,15.914676667862324
118,0.5,480,373,428,0.49670018848399045,0.02510368321133929,0.4715965052726512,24.52301827417786
118,0.75,480,373,428,0.7209322463080688,-0.0556839067429818,0.7766161530510507,40.38403995865464
118,1.0,480,373,428,1.0695071973286374,0.06187972977256179,1.007627467556076,52.39662831291595
119,0.0,480,369,432,0.1254146104202445,0.00235254931475685,0.12306206110548766,6.399227177485359
119,0.25,480,369,432,0.31969880007003393,-0.09062071469203244,0.4103195147620664,21.336614767627452
119,0.5,480,369,432,0.5904462026213148,-0.033571254077771694,0.6240174566990866,32.448907748352504
119,0.75,480,369,432,0.8185914902227089,0.02431285026448817,0.7942786399582208,41.30248927782748
119,1.0,480,369,432,1.0445978097953583,0.030945316266607823,1.0136524935287505,52.709929663495025
120,0.0,480,357,444,0.1920875900197066,0.03629356558799671,0.15579402443170992,8.101289270448916
120,0.25,480,357,444,0.42681099878166406,-0.022538425818798898,0.4493494246004629,23.36617007922407
120,0.5,480,357,444,0.562215783471089,0.011941572924190366,0.5502742105468986,28.614258948438728
120,0.75,480,357,444,0.83521252191378,-0.11594136855938178,0.951153890473162,49.46000230460442
120,1.0,480,357,444,1.046960370912334,0.06985450751619685,0.9771058633961374,50.809504896599144
121,0.0,480,373,428,0.20544018109550843,0.06939649286213313,0.13604368823337532,7.074271788135516
121,0.25,480,373,428,0.33004434249173015,0.012265629901092484,0.3177787125906377,16.52449305471316
121,0.5,480,373,428,0.5523627946572204,-0.07741316776338511,0.6297759624206055,32.74835004587149
121,0.75,480,373,428,0.7731513719486021,0.10665075018036192,0.66650062176824,34.658032331948476
121,1.0,480,373,428,0.9580155964418796,0.13490836195656467,0.823107234485315,42.80157619323638
122,0.0,480,367,434,0.09582078536663514,-0.011896404748985604,0.10771719011562078,5.6012938860122805
122,0.25,480,367,434,0.42829072873332974,0.016767787822729873,0.41152294091059977,21.399192927351187
122,0.5,480,367,434,0.5791440463199446,-0.02378396197684168,0.6029280082967863,31.352256431432885
122,0.75,480,367,434,0.8785839083193319,-0.007109317636055361,0.8856932259553872,46.05604774968014
122,1.0,480,367,434,1.0736042775080314,0.05465520707750688,1.0189490704305244,52.98535166238727
123,0.0,480,368,433,0.15697488430006828,0.004860584832329342,0.15211429946773897,7.909943572322426
123,0.25,480,368,433,0.3876176582298213,-0.007842880125566066,0.39546053835538736,20.56394799448014
123,0.5,480,368,433,0.5870662072504363,-0.10289308873176048,0.6899592959821967,35.87788339107423
123,0.75,480,368,433,0.8306013685077934,-0.12041173930100224,0.9510131078087956,49.45268160605737
123,1.0,480,368,433,1.1125220212935856,-0.06909323560630273,1.1816152568998881,61.44399335879418
124,0.0,480,359,442,0.11283298919229996,0.09015478428840298,0.022678204903896968,1.1792666550026423
124,0.25,480,359,442,0.34052942572399003,0.05110406007722482,0.28942536564676524,15.050119013631793
124,0.5,480,359,442,0.560265550624514,0.03581422317652535,0.5244513274479887,27.271469027295414
124,0.75,480,359,442,0.7637053382623795,-0.07575592405826807,0.8394612623206477,43.65198564067368
124,1.0,480,359,442,0.9642768279046737,-0.005273891272922074,0.9695507191775958,50.416637397234986
125,0.0,480,357,444,0.10264588516487376,-0.013127284285697215,0.11577316945057099,6.020204811429692
125,0.25,480,357,444,0.3376735293029569,0.061320980931093776,0.2763525483718631,14.370332515336882
125,0.5,480,357,444,0.5745962867456603,-0.006232871270754984,0.5808291580164153,30.203116216853598
125,0.75,480,357,444,0.7870813099561621,0.0619979251750519,0.7250833847811101,37.70433600861772
125,1.0,480,357,444,0.994750005930692,0.137232993617835,0.857517012312857,44.59088464026857
126,0.0,480,367,434,0.20395770400229876,0.07709795311414325,0.12685975088815551,6.596707046184087
126,0.25,480,367,434,0.4212136977942465,0.03654837767518291,0.3846653201190636,20.002596646191307
126,0.5,480,367,434,0.6172381001358425,-0.07086752064323687,0.6881056207790793,35.781492280512126
126,0.75,480,367,434,0.7700393404860745,-0.22139950894696012,0.9914388494330346,51.5548201705178
126,1.0,480,367,434,0.9574445708520221,0.02218229024227877,0.9352622806097434,48.63363859170666
127,0.0,480,361,440,0.1712090448210957,0.06549249351301578,0.10571655130807993,5.497260668020156
127,0.25,480,361,440,0.41583739641980966,-0.006707847629399799,0.4225452440492094,21.97235269055889
127,0.5,480,361,440,0.6737474377410222,-0.024604102738419033,0.6983515404794413,36.314280104930944
127,0.75,480,361,440,0.8499385046325685,-0.05626380454087469,0.9062023091734431,47.12252007701904
127,1.0,480,361,440,1.0503728076296057,0.048580449241879584,1.001792358387726,52.09320263616175
128,0.0,480,365,436,0.2140032507215229,0.12292906394557876,0.09107418677594416,4.735857712349096
128,0.25,480,365,436,0.27301545396342125,0.00341251369695691,0.26960294026646436,14.019352893856148
128,0.5,480,365,436,0.5636392421437523,-0.002957277968995724,0.5665965201127481,29.4630190458629
128,0.75,480,365,436,0.8436728550199775,-0.017633636908218273,0.8613064919281957,44.78793758026618
128,1.0,480,365,436,1.0628731114070236,0.03998049192041925,1.0228926194866044,53.19041621330343
129,0.0,480,367,434,0.18194871901948884,0.03240831560360431,0.14954040341588454,7.776100977625996
129,0.25,480,367,434,0.391215513791327,0.011617994321879,0.3795975194694479,19.73907101241129
129,0.5,480,367,434,0.5948088597928647,-0.04611171217332417,0.6409205719661888,33.327869742241816
129,0.75,480,367,434,0.8200937149066249,-0.060389980923515475,0.8804836958301401,45.785152183167284
129,1.0,480,367,434,1.0844994793193274,0.04680434206179252,1.037695137257535,53.960147137391814
130,0.0,480,353,448,0.23847053082672676,0.05564829585615061,0.18282223497057618,9.506756218469961
130,0.25,480,353,448,0.3779985998513792,-0.047083836752854435,0.42508243660423367,22.10428670342015
130,0.5,480,353,448,0.581096586492062,-0.09915927233459222,0.6802558588266542,35.373304658986015
130,0.75,480,353,448,0.7040299479888894,-0.055262862622602237,0.7592928106114917,39.48322615179757
130,1.0,480,353,448,0.9066588695627603,-0.012519467635250898,0.919178337198011,47.79727353429657
131,0.0,480,362,439,0.20025015656234024,0.021353463247672826,0.1788966933146674,9.302628052362705
131,0.25,480,362,439,0.4217044683795916,-0.020034941725251887,0.44173941010484347,22.97044932545186
131,0.5,480,362,439,0.6139171948548988,-0.0075937173057890085,0.6215109121606878,32.31856743235576
131,0.75,480,362,439,0.772576121823552,0.04322718199379229,0.7293489398297596,37.9261448711475
131,1.0,480,362,439,0.9980877062093778,-7.277397434750122e-05,0.9981604801837254,51.90434496955372
132,0.0,480,377,424,0.11992330055671359,0.040312418724618986,0.07961088183209461,4.139765855268919
132,0.25,480,377,424,0.41201175310078103,-0.02034918040706619,0.4323609335078472,22.482768542408056
132,0.5,480,377,424,0.661113629255627,-0.061542901336034295,0.7226565305916612,37.57813959076638
132,0.75,480,377,424,0.8768429211571144,0.019842706195919435,0.857000214961195,44.564011177982145
132,1.0,480,377,424,1.1201294159527435,0.0021790190010789598,1.1179503969516646,58.13342064148656
133,0.0,480,362,439,0.12152019576224687,0.058315740061695244,0.06320445570055162,3.2866316964286844
133,0.25,480,362,439,0.35925849365466467,-0.02000124747759632,0.37925974113226096,19.72150653887757
133,0.5,480,362,439,0.5589465234941049,0.03842679757688262,0.5205197259172223,27.06702574769556
133,0.75,480,362,439,0.8910138567849144,-0.013777202389157172,0.9047910591740713,47.04913507705171
133,1.0,480,362,439,1.0129840346266854,0.05042975989176089,0.9625542747349244,50.05282228621607
134,0.0,480,369,432,0.14539259830485415,0.012603428667780695,0.13278916963707346,6.90503682112782
134,0.25,480,369,432,0.43570144606614325,0.002352289643059214,0.433349156423084,22.53415613400037
134,0.5,480,369,432,0.6110542379006679,0.031130035833977568,0.5799242020666903,30.156058507467893
134,0.75,480,369,432,0.8080974360935005,0.018562226743885652,0.789535209349615,41.055830886179976
134,1.0,480,369,432,1.0510195531580144,0.030415035162696866,1.0206045179953176,53.071434935756514
135,0.0,480,368,433,0.19575335752030387,0.0474179167306704,0.14833544078963348,7.713442921060941
135,0.25,480,368,433,0.3900192282140752,0.02892190081247237,0.36109732740160283,18.77706102488335
135,0.5,480,368,433,0.6197764422715941,0.010702563713770152,0.6090738785578239,31.671841685006843
135,0.75,480,368,433,0.8408606646136944,0.0763707434876677,0.7644899211260265,39.75347589855338
135,1.0,480,368,433,1.033706468206308,0.0649288707630894,0.9687775974432187,50.37643506704737
136,0.0,480,357,444,0.0792916985513883,0.06815612598183189,0.011135572569556398,0.5790497736169327
136,0.25,480,357,444,0.3610231828105301,-0.00392387914120007,0.36494706195173016,18.977247221489968
136,0.5,480,357,444,0.5786903986823277,-0.054987426800145595,0.6336778254824733,32.95124692508861
136,0.75,480,357,444,0.7531219042270686,-0.10049042365058398,0.8536123278776526,44.387841049637935
136,1.0,480,357,444,0.9367626948938762,0.020803856807969572,0.9159588380859066,47.62985958046714
137,0.0,480,362,439,0.24538101178481497,-0.0038155083774507373,0.2491965201622658,12.95821904843782
137,0.25,480,362,439,0.3548558574160319,-0.055250450175625514,0.41010630759165745,21.325527994766187
137,0.5,480,362,439,0.6260648640250966,0.038002491430759594,0.588062372594337,30.579243374905523
137,0.75,480,362,439,0.7994497326215375,-0.11282348790823421,0.9122732205297718,47.43820746754813
137,1.0,480,362,439,0.9097848673811325,-0.03894544437292744,0.94873031175406,49.333976211211116
138,0.0,480,367,434,0.11009435629364152,-0.012706968722641243,0.12280132501628276,6.385668900846703
138,0.25,480,367,434,0.30504126424352535,-0.028227006942584478,0.3332682711861097,17.329950101677703
138,0.5,480,367,434,0.5921767061329409,-0.024731942038245806,0.6169086481711868,32.07924970490171
138,0.75,480,367,434,0.8276907087206827,0.126580163357833,0.7011105453628499,36.457748358868194
138,1.0,480,367,434,0.8957655980234163,0.02445379871587746,0.8713117993075388,45.30821356399201
139,0.0,480,350,451,0.13768901904009131,0.08922697366310571,0.048462045376985605,2.5200263596032513
139,0.25,480,350,451,0.4084739908386098,0.04023758563929417,0.3682364051993157,19.148293070364417
139,0.5,480,350,451,0.5427268856335292,-0.07944362600036066,0.62217051163389,32.35286660496228
139,0.75,480,350,451,0.7539011180379764,0.00032917412282312683,0.7535719439151533,39.18574108358797
139,1.0,480,350,451,0.9456378865767033,-0.009910453541132916,0.9555483401178362,49.68851368612748
140,0.0,480,370,431,0.1498647259327991,-0.021585125544549486,0.17144985147734862,8.915392276822129
140,0.25,480,370,431,0.38029493129485764,-0.014238875886358424,0.3945338071812161,20.515757973423238
140,0.5,480,370,431,0.5941728169654334,-0.0863307657473789,0.6805035827128124,35.386186301066246
140,0.75,480,370,431,0.7655894715227635,-0.017572627791476704,0.7831620993142403,40.72442916434049
140,1.0,480,370,431,1.0678624550691522,-0.06664593036698961,1.1345083854361417,58.99443604267937
141,0.0,480,348,453,0.20235997400730463,0.05331009413097415,0.14904987987633045,7.750593753569183
141,0.25,480,348,453,0.3026365699160563,-0.0015638029588160454,0.3042003728748724,15.818419389493364
141,0.5,480,348,453,0.6357869994149443,-0.09347519646545077,0.7292621958803951,37.92163418578055
141,0.75,480,348,453,0.8190844393682993,0.08021909075636176,0.7388653486119374,38.420998127820745
141,1.0,480,348,453,1.0197249721056678,0.2049292056480869,0.8147957664575809,42.36937985579421
142,0.0,480,368,433,0.12048357235993414,0.07269904576770397,0.04778452659223018,2.4847953827959697
142,0.25,480,368,433,0.38269850787702525,-0.05057579176229258,0.43327429963931774,22.530263581244522
142,0.5,480,368,433,0.5325977016744837,0.07827445727990451,0.45432324439457933,23.624808708518124
142,0.75,480,368,433,0.7825305589220322,-0.07622125679331343,0.8587518157153455,44.655094417197965
142,1.0,480,368,433,1.001518058509337,0.08523296207338704,0.9162850964359499,47.646825014669396
143,0.0,480,374,427,0.22532265904090373,0.061368157966639095,0.16395450107426465,8.525634055861762
143,0.25,480,374,427,0.3985338841374862,-0.028828471820440627,0.42736235595792677,22.222842509812192
143,0.5,480,374,427,0.5280409333881568,0.007607942775975479,0.5204329906121813,27.06251551183343
143,0.75,480,374,427,0.8067408093124113,0.011423737398415656,0.7953170719139957,41.35648773952778
143,1.0,480,374,427,1.0060546395770855,-0.04926965899757807,1.0553242985746636,54.876863525882506
144,0.0,480,355,446,0.19167568367134877,0.031602747282561974,0.1600729363887868,8.323792692216914
144,0.25,480,355,446,0.4008270875391245,-0.0273156180481496,0.428142705587274,22.26342069053825
144,0.5,480,355,446,0.5507571404788004,0.012178847679011813,0.5385782927997886,28.00607122558901
144,0.75,480,355,446,0.7869993972561263,-0.022434189590805245,0.8094335868469316,42.09054651604044
144,1.0,480,355,446,1.0327339647984994,0.052581384469757,0.9801525803287423,50.9679341770946
145,0.0,480,357,444,0.21948681284514576,0.07415704802222094,0.1453297648229248,7.55714777079209
145,0.25,480,357,444,0.4083717155930156,-0.020117978845939636,0.4284896944389553,22.281464110825674
145,0.5,480,357,444,0.593080642251526,-0.061755139525430144,0.6548357817769561,34.051460652401715
145,0.75,480,357,444,0.7963069544385866,-0.02340998734133974,0.8197169417799262,42.62528097255616
145,1.0,480,357,444,1.0457814576841933,0.05709963862653754,0.9886818190576557,51.4114545909981
146,0.0,480,353,448,0.12582993718695334,0.03629562230449899,0.08953431488245435,4.655784373887626
146,0.25,480,353,448,0.3262922439807586,-0.016682939756517655,0.34297518373727626,17.834709554338364
146,0.5,480,353,448,0.486218299801813,-0.11041075539668824,0.5966290551985013,31.024710870322068
146,0.75,480,353,448,0.8761683066687878,-0.056760450524535204,0.932928757193323,48.5122953740528
146,1.0,480,353,448,0.976453957659621,-0.013985849176211726,0.9904398068358328,51.502869955463304
147,0.0,480,360,441,0.09450072721286405,0.08299222506787302,0.011508502144991028,0.5984421115395334
147,0.25,480,360,441,0.38737238116023437,-0.04379825606263389,0.4311706372228683,22.42087313558915
147,0.5,480,360,441,0.5729571747701258,-0.051354316237575665,0.6243114910077012,32.46419753240046
147,0.75,480,360,441,0.7938413061547658,-0.005407757429137102,0.7992490635839029,41.56095130636295
147,1.0,480,360,441,1.0264849589074245,-0.10089472401692696,1.1273796829243514,58.62374351206628
148,0.0,480,350,451,0.13560350483692066,-0.004475661543172386,0.14007916638009305,7.284116651764839
148,0.25,480,350,451,0.34716369264072616,0.03594609847471226,0.31121759416601397,16.183314896632726
148,0.5,480,350,451,0.5659668939624929,-0.04974001148313659,0.6157069054456293,32.01675908317272
148,0.75,480,350,451,0.7462815159079504,-0.02060655470340915,0.7668880706113597,39.878179671790704
148,1.0,480,350,451,0.9653561067181035,0.04192370083630787,0.9234324058817955,48.018485105853365
149,0.0,480,363,438,0.1634140557033553,0.05743049407103658,0.10598356163231873,5.511145204880574
149,0.25,480,363,438,0.36932650540993966,-0.049998196313997455,0.41932470172393715,21.80488448964473
149,0.5,480,363,438,0.6026012268958142,0.05384421608766431,0.5487570108081498,28.535364562023787
149,0.75,480,363,438,0.7955999653038589,0.03537406225431446,0.7602259030495444,39.531746958576306
149,1.0,480,363,438,0.9341192002536837,-0.023899122422699464,0.9580183226763832,49.81695277917193
150,0.0,480,364,437,0.2163282633754523,0.004128261821614405,0.2122000015538379,11.034400080799571
150,0.25,480,364,437,0.3585229548239909,-0.02376104291457147,0.38228399773856236,19.878767882405242
150,0.5,480,364,437,0.5289478592627509,-0.02677417542474812,0.5557220346874989,28.897545803749942
150,0.75,480,364,437,0.7941194099010372,0.039658652975295215,0.7544607569257421,39.23195936013859
150,1.0,480,364,437,0.952680159016923,0.01777927920026691,0.934900879816656,48.61484575046612
151,0.0,480,359,442,0.11299789635327179,0.01999530878286469,0.09300258757040711,4.83613455366117
151,0.25,480,359,442,0.3592211385803108,0.03510377058870504,0.32411736799160573,16.8541031355635
151,0.5,480,359,442,0.5470829102878391,-0.07601577751348446,0.6230986878013236,32.40113176566883
151,0.75,480,359,442,0.8072200438682792,-0.015264184754162979,0.8224842286224422,42.76917988836699
151,1.0,480,359,442,1.0194951021121326,0.09427626653094519,0.9252188355811873,48.11137945022174
152,0.0,480,352,449,0.14570414073102153,0.07154598008763151,0.07415816064339002,3.8562243534562812
152,0.25,480,352,449,0.2922609113405606,-0.08031697013664929,0.3725778814772099,19.374049836814915
152,0.5,480,352,449,0.5805929420629392,-0.05638202190366142,0.6369749639666007,33.12269812626324
152,0.75,480,352,449,0.788628400115143,-0.05213697031657274,0.8407653704317158,43.71979926244922
152,1.0,480,352,449,0.9887440623904521,0.051850149296903125,0.936893913093549,48.71848348086455
153,0.0,480,363,438,0.1631505024302248,0.0872095145771837,0.07594098785304114,3.948931368358139
153,0.25,480,363,438,0.33583621255199886,-0.087321775848762,0.4231579884007609,22.004215396839566
153,0.5,480,363,438,0.5900335231725649,0.006605714421607454,0.5834278087509575,30.338246055049787
153,0.75,480,363,438,0.7994173734148864,-0.15402758886615672,0.9534449622810433,49.579138038614246
153,1.0,480,363,438,0.9424933372686269,0.05429953805920519,0.8881937992094218,46.186077558889934
154,0.0,480,352,449,0.13043299841717312,0.02020623828834221,0.1102267601288309,5.731791526699206
154,0.25,480,352,449,0.4232476393942776,0.01609004518693783,0.4071575942073399,21.172194898781672
154,0.5,480,352,449,0.6008936355368273,0.06006485603050589,0.5408287795063214,28.12309653432871
154,0.75,480,352,449,0.7827982198828844,0.10411179705414764,0.6786864228287367,35.291693987094305
154,1.0,480,352,449,1.014934060916985,0.12417484123092033,0.8907592196860649,46.319479423675375
155,0.0,480,380,421,0.19163370953277206,0.086270029512844,0.10536368001992806,5.478911361036259
155,0.25,480,380,421,0.3742255106679889,-0.030872231573589263,0.4050977422415782,21.065082596562064
155,0.5,480,380,421,0.5801171160927692,-0.08223380973047946,0.6623509258232486,34.44224814280893
155,0.75,480,380,421,0.8146284594559642,0.00618613509553145,0.808442324360433,42.03900086674251
155,1.0,480,380,421,1.0591666244235944,-0.13210649857091974,1.1912731229945142,61.946202395714735
156,0.0,480,354,447,0.18823756657684745,0.08622278467947017,0.10201478189737727,5.304768658663618
156,0.25,480,354,447,0.41194126832316347,-0.04794840320548934,0.4598896715286528,23.914262919489946
156,0.5,480,354,447,0.5769943860142444,-0.10271044422382172,0.679704830238066,35.344651172379436
156,0.75,480,354,447,0.9254735926339895,0.027411625972585143,0.8980619666614044,46.69922226639303
156,1.0,480,354,447,0.9744765468803164,0.06829170711724436,0.906184839763072,47.121611667679744
157,0.0,480,365,436,0.09862295171804124,0.029117933769748253,0.06950501794829297,3.6142609333112348
157,0.25,480,365,436,0.38592545321328875,-0.04703777677141832,0.4329632299847071,22.51408795920477
157,0.5,480,365,436,0.58955938284724,0.0012429460744340375,0.588316436772806,30.592454712185912
157,0.75,480,365,436,0.7961081974239232,0.022631670388162238,0.7734765270357611,40.220779405859574
157,1.0,480,365,436,1.0391516447334495,0.04782201747324284,0.9913296272602067,51.549140617530746
158,0.0,480,338,463,0.13273053247322505,0.03912449009601685,0.09360604237720821,4.867514203614827
158,0.25,480,338,463,0.45470194294830324,-0.01714004540810261,0.4718419883564058,24.5357833945331
158,0.5,480,338,463,0.5321294434779712,-0.010823778846697227,0.5429532223246685,28.23356756088276
158,0.75,480,338,463,0.8122404835196134,-0.02653956130257175,0.8387800448221852,43.61656233075363
158,1.0,480,338,463,1.0387001662623254,-0.0065130781268349855,1.0452132443891604,54.35108870823634
159,0.0,480,364,437,0.12418070707460005,0.06205906032738393,0.06212164674721612,3.230325630855238
159,0.25,480,364,437,0.4078783172811784,-0.034532254298575565,0.44241057157975405,23.005349722147212
159,0.5,480,364,437,0.6378339983373683,-0.062456267036349856,0.7002902653737183,36.41509379943335
159,0.75,480,364,437,0.8152464651828932,0.05617342344996787,0.7590730417329252,39.47179817011211
159,1.0,480,364,437,1.135691848684436,-0.04064871550429454,1.1763405641887306,61.16970933781399
160,0.0,480,345,456,0.07446666579079557,0.0020430288576480113,0.07242363693314754,3.7660291205236724
160,0.25,480,345,456,0.397051667082102,0.007792575693455645,0.3892590913886463,20.241472752209607
160,0.5,480,345,456,0.5715552130121304,-0.05719124774899751,0.6287464607611281,32.69481595957866
160,0.75,480,345,456,0.8360665912083989,-0.05231207436623165,0.8883786655746304,46.195690609880785
160,1.0,480,345,456,0.9850079936818666,0.10711428899784396,0.8778937046840227,45.65047264356918
161,0.0,480,365,436,0.1581791421490727,0.03169191736647903,0.1264872247825937,6.577335688694872
161,0.25,480,365,436,0.3695025680562096,-0.05571349403599909,0.4252160620922087,22.11123522879485
161,0.5,480,365,436,0.6315576351739707,-0.050978376830972505,0.6825360120049432,35.49187262425705
161,0.75,480,365,436,0.7927145110666433,-0.10551434716675195,0.8982288582333952,46.70790062813655
161,1.0,480,365,436,1.0096865419042402,-0.06142655551426742,1.0711130974185075,55.69788106576239
162,0.0,480,357,444,0.10515472042881074,0.10140215197815973,0.0037525684506509926,0.1951335594338516
162,0.25,480,357,444,0.4247252295550895,0.022498817329929467,0.40222641222516015,20.915773435708328
162,0.5,480,357,444,0.6480477627041176,-0.017996214012069314,0.666043976716187,34.63428678924172
162,0.75,480,357,444,0.8258157894682095,-0.1284738244338919,0.9542896139021017,49.623059922909285
162,1.0,480,357,444,1.0272026447697649,0.09141395701337503,0.9357886877563899,48.661011763332276
163,0.0,480,348,453,0.130822683302117,0.014831304584417945,0.11599137871769907,6.031551693320352
163,0.25,480,348,453,0.4506477629864181,0.04670833723629946,0.40393942575011865,21.00485013900617
163,0.5,480,348,453,0.5890392120014571,-0.1375762862475672,0.7266154982490244,37.78400590894927
163,0.75,480,348,453,0.8546111786708107,-0.10043946965293979,0.9550506483237506,49.66263371283503
163,1.0,480,348,453,1.0353641993889617,0.010939766524411487,1.0244244328645502,53.27007050895661
164,0.0,480,358,443,0.1527995355832022,0.07091838089671586,0.08188115468648637,4.257820043697291
164,0.25,480,358,443,0.41296943700365796,0.00388722381892937,0.4090822131847286,21.272275085605887
164,0.5,480,358,443,0.6120915886956241,0.022606043354040525,0.5894855453415835,30.65324835776234
164,0.75,480,358,443,0.7924579062631107,-0.06870932029283221,0.861167226555943,44.780695780909035
164,1.0,480,358,443,1.0530512530953375,-0.0020052326060779387,1.0550564857014155,54.86293725647361
165,0.0,480,368,433,0.22787298274765574,-0.014013033449554525,0.24188601619721029,12.578072842254935
165,0.25,480,368,433,0.33511483453251756,0.00232153028332132,0.3327933042491962,17.3052518209582
165,0.5,480,368,433,0.5735807652317786,-0.054746502540609664,0.6283272677723881,32.673017924164185
165,0.75,480,368,433,0.7616257162846728,0.07338695463407932,0.6882387616505936,35.78841560583087
165,1.0,480,368,433,0.962585740578656,0.0427787461265531,0.9198069944521028,47.82996371150934
166,0.0,480,365,436,0.10323369511180125,0.03334115992366495,0.06989253518813632,3.6344118297830885
166,0.25,480,365,436,0.33533993575291865,-0.017577183298643786,0.3529171190515624,18.351690190681246
166,0.5,480,365,436,0.5649699983166931,-0.003372045677854734,0.568342043994548,29.5537862877165
166,0.75,480,365,436,0.7472856699597512,0.06442104654803274,0.6828646234117183,35.50896041740935
166,1.0,480,365,436,0.9189034814553955,0.0632939419674635,0.8556095394879321,44.491696053372465
167,0.0,480,359,442,0.21727929642418325,0.09928827480594747,0.11799102161823578,6.135533124148261
167,0.25,480,359,442,0.367476720354898,0.008543496270010388,0.3589332240848876,18.664527652414154
167,0.5,480,359,442,0.46055694560259375,-0.04548186644219134,0.5060388120447851,26.314018226328823
167,0.75,480,359,442,0.7730040193061681,0.025540280372411003,0.7474637389337571,38.868114424555365
167,1.0,480,359,442,0.9943379299985584,0.06194060962964715,0.9323973203689112,48.48466065918338
168,0.0,480,365,436,0.13003642953829336,0.07773551620305034,0.05230091333524301,2.7196474934326367
168,0.25,480,365,436,0.3416158255711709,0.0046080826873792806,0.3370077428837916,17.524402629957162
168,0.5,480,365,436,0.6058803246648892,-0.05157135477198124,0.6574516794368706,34.18748733071727
168,0.75,480,365,436,0.8228497694670349,-0.03552639355759172,0.8583761630246265,44.63556047728058
168,1.0,480,365,436,0.928607945438908,-0.09743238241973079,1.0260403278586387,53.354097048649216
169,0.0,480,355,446,0.12690476192914982,-0.0067700543667438525,0.13367481629589367,6.951090447386471
169,0.25,480,355,446,0.3868862110639693,-0.02224946147526235,0.40913567253923167,21.275054972040046
169,0.5,480,355,446,0.6324890700010193,-0.049343820059738024,0.6818328900607573,35.45531028315938
169,0.75,480,355,446,0.8476708784285311,-0.06330598711035666,0.9109768655388877,47.37079700802216
169,1.0,480,355,446,0.9914942602758308,0.0941621365825145,0.8973321236933163,46.66127043205245
170,0.0,480,361,440,0.11554683033943443,0.010037785440292893,0.10550904489914154,5.48647033475536
170,0.25,480,361,440,0.3750767843727122,-5.261703356452314e-05,0.37512940140627676,19.50672887312639
170,0.5,480,361,440,0.5716052161786305,-0.02351111261199581,0.5951163287906263,30.946049097112564
170,0.75,480,361,440,0.7962802449218552,-0.03802025948878157,0.8343005044106366,43.383626229353105
170,1.0,480,361,440,1.013029529852415,-0.10080872911782883,1.113838258970244,57.91958946645269
171,0.0,480,370,431,0.14251233304217084,0.06340729534025358,0.07910503770191728,4.1134619604996985
171,0.25,480,370,431,0.29869128822675395,-0.05424502993803291,0.35293631816478693,18.35268854456892
171,0.5,480,370,431,0.5594753712335899,-0.03440618791142382,0.5938815591450138,30.88184107554072
171,0.75,480,370,431,0.8049716749597169,-0.03955475965611248,0.8445264346158294,43.91537460002313
171,1.0,480,370,431,1.0155866264784765,0.04153170080401447,0.9740549256744622,50.65085613507203
172,0.0,480,363,438,0.13621534144133218,0.04512210043288534,0.09109324100844686,4.736848532439237
172,0.25,480,363,438,0.36860408908714143,0.011886553798486788,0.3567175352886547,18.549311835010045
172,0.5,480,363,438,0.5357915577889932,-0.07396011926047728,0.6097516770494704,31.70708720657246
172,0.75,480,363,438,0.8386957713821794,-0.020155604939426818,0.8588513763216064,44.66027156872353
172,1.0,480,363,438,0.925830901943823,-0.061714827738836665,0.9875457296826596,51.352377943498304
173,0.0,480,352,449,0.17314028692994982,0.06400615234736202,0.10913413458258779,5.674974998294565
173,0.25,480,352,449,0.35117326589377845,0.01952085535308233,0.3316524105406961,17.2459253481162
173,0.5,480,352,449,0.6770443499709796,-0.07631506487797952,0.753359414848959,39.174689572145866
173,0.75,480,352,449,0.7719739849174528,-0.14406650586849243,0.9160404907859453,47.634105520869156
173,1.0,480,352,449,1.0189350537099156,-0.06318920857727153,1.082124262287187,56.270461638933725
174,0.0,480,357,444,0.11999809098493458,0.054751152629822254,0.06524693835511232,3.3928407944658407
174,0.25,480,357,444,0.3285596061196364,-0.055835269420106644,0.38439487553974305,19.98853352806664
174,0.5,480,357,444,0.6007610337605148,-0.12238950298431132,0.7231505367448263,37.60382791073097
174,0.75,480,357,444,0.8296748941947651,-0.09775397864677218,0.9274288728415372,48.22630138775993
174,1.0,480,357,444,1.066906349590812,0.05793099697472208,1.0089753526160898,52.46671833603667
175,0.0,480,351,450,0.1050102085503136,0.06371767380410161,0.04129253474621199,2.1472118068030235
175,0.25,480,351,450,0.2958582435169386,0.0135957145567979,0.2822625289601407,14.677651505927317
175,0.5,480,351,450,0.3884455255084803,-0.07918998564104596,0.46763551114952623,24.317046579775365
175,0.75,480,351,450,0.6838293921715967,0.029638428563643515,0.6541909636079531,34.017930107613566
175,1.0,480,351,450,0.8444477357609038,-0.0358461187649959,0.8802938545258996,45.77528043534678
176,0.0,480,353,448,0.16134358104732124,0.04624845373787565,0.11509512730944563,5.984946620091173
176,0.25,480,353,448,0.39687611397412903,0.034638364358238714,0.3622377496158903,18.836362980026294
176,0.5,480,353,448,0.5562705805253602,-0.0015661505817001864,0.5578367311070604,29.007510017567142
176,0.75,480,353,448,0.8324406876031042,0.024596491323018752,0.8078441962800852,42.00789820656443
176,1.0,480,353,448,0.9778191024838595,0.02616629201087444,0.9516528104729851,49.485946144595225
177,0.0,480,356,445,0.12436615440825727,0.02680430892548183,0.09756184548277544,5.073215965104323
177,0.25,480,356,445,0.4392054352803398,-0.03117869238722912,0.47038412766756893,24.459974638713586
177,0.5,480,356,445,0.5669483713523003,-0.10417267444573627,0.6711210457980366,34.8982943814979
177,0.75,480,356,445,0.8252710144305434,-0.019446122755833867,0.8447171371863773,43.92529113369162
177,1.0,480,356,445,0.9382972979433165,-0.10062185105288479,1.038919148996201,54.02379574780245
178,0.0,480,370,431,0.07304032014469511,0.07002496541886899,0.0030153547258261184,0.15679844574295815
178,0.25,480,370,431,0.4495612046364981,0.05639708091307021,0.3931641237234279,20.44453443361825
178,0.5,480,370,431,0.6475143598888937,0.0019462318988042694,0.6455681279900894,33.56954265548465
178,0.75,480,370,431,0.8208461972275232,-0.16798654352342174,0.988832740750945,51.41930251904914
178,1.0,480,370,431,1.082638270799023,0.010092371451534887,1.0725458993474881,55.77238676606938
179,0.0,480,359,442,0.1414082197232436,0.06082824414750194,0.08057997557574167,4.190158729938567
179,0.25,480,359,442,0.32378129964911945,-0.027898510394716518,0.35167981004383597,18.28735012227947
179,0.5,480,359,442,0.5918681487500231,-0.015325021520348446,0.6071931702703717,31.574044854059327
179,0.75,480,359,442,0.7903494172932615,-0.027045820848347543,0.8173952381416092,42.50455238336368
179,1.0,480,359,442,0.9142648071156796,0.11974303600807773,0.7945217711076019,41.3151320975953
180,0.0,480,358,443,0.19218391882721622,-0.004886502678299896,0.1970704215055161,10.247661918286838
180,0.25,480,358,443,0.40977469335702316,-0.0027656671770904875,0.41254036053411364,21.45209874777391
180,0.5,480,358,443,0.5629525670043805,0.06102752265376752,0.501925044350613,26.10010230623188
180,0.75,480,358,443,0.7661188512503503,0.03667350638123208,0.729445344869118,37.931157933194136
180,1.0,480,358,443,0.9732811869231752,0.06031806018841434,0.9129631267347608,47.47408259020756
181,0.0,480,357,444,0.19738944327006147,0.029852310564301383,0.1675371327057601,8.711930900699524
181,0.25,480,357,444,0.4237232663484061,-0.014955331397188541,0.43867859774559465,22.81128708277092
181,0.5,480,357,444,0.588175724642039,-0.04253160659816375,0.6307073312402028,32.796781224490545
181,0.75,480,357,444,0.7566705457622797,-0.04684111340546574,0.8035116591677454,41.78260627672276
181,1.0,480,357,444,1.0359786250195389,-0.013298675781088126,1.0492773008006269,54.562419641632594
182,0.0,480,359,442,0.13468232693725465,0.07343367389448018,0.06124865304277448,3.1849299582242727
182,0.25,480,359,442,0.3290449853915231,0.011501762748303694,0.31754322264321944,16.51224757744741
182,0.5,480,359,442,0.5627533885623582,-0.09521030139996223,0.6579636899623204,34.21411187804066
182,0.75,480,359,442,0.790053745093504,-0.15595671997869395,0.946010465072198,49.19254418375429
182,1.0,480,359,442,1.0067259375523727,-0.0389073793130989,1.0456333168654717,54.372932477004525
183,0.0,480,362,439,0.13754010286782692,0.028670447279855724,0.1088696555879712,5.661222090574502
183,0.25,480,362,439,0.35410514757308575,-0.12438317444532385,0.4784883220184096,24.8813927449573
183,0.5,480,362,439,0.6130969124130007,-0.08776126262180742,0.700858175034808,36.44462510181001
183,0.75,480,362,439,0.8149038668429907,-0.034433070477725376,0.8493369373207161,44.16552074067724
183,1.0,480,362,439,1.058921190872617,0.056984582604423475,1.0019366082681938,52.100703629946075
184,0.0,480,365,436,0.2559139358417011,0.06372062231089587,0.1921933135308052,9.99405230360187
184,0.25,480,365,436,0.3118264850192812,-0.045408396318049195,0.35723488133733033,18.576213829541178
184,0.5,480,365,436,0.6279057258008853,-0.021066191111244994,0.6489719169121302,33.74653967943077
184,0.75,480,365,436,0.796689960823477,0.06582519452882243,0.7308647662946545,38.004967847322035
184,1.0,480,365,436,1.0032454220180074,0.07210938869192784,0.9311360333260797,48.41907373295615
185,0.0,480,368,433,0.16221665816039807,0.01600114071971169,0.14621551744068637,7.603206906915691
185,0.25,480,368,433,0.3868363355358466,-0.02931139218451168,0.4161477277203583,21.639681841458632
185,0.5,480,368,433,0.5949281496594228,0.03010602482904666,0.564822124830376,29.37075049117955
185,0.75,480,368,433,0.7532059041767438,0.0070715964044207056,0.7461343077723231,38.7989840041608
185,1.0,480,368,433,1.0070258772864045,0.034157853242934834,0.9728680240434694,50.58913725026041
186,0.0,480,350,451,0.17711229877543697,0.023884695961956033,0.15322760281348088,7.967835346301006
186,0.25,480,350,451,0.36756861167267146,0.0013036700190247991,0.3662649416536466,19.045776965989624
186,0.5,480,350,451,0.5079959397617225,-0.04044209656159384,0.5484380363233163,28.51877788881245
186,0.75,480,350,451,0.7425353339481121,-0.1659637180914156,0.9084990520395277,47.24195070605544
186,1.0,480,350,451,0.8886237493093608,-0.06796570379845092,0.9565894531078118,49.742651561606216
187,0.0,480,368,433,0.1869028809024587,0.0522400982640551,0.13466278263840362,7.002464697196988
187,0.25,480,368,433,0.4492420628202201,-0.006454032013065472,0.45569609483328566,23.696196931330853
187,0.5,480,368,433,0.5922328910854575,-0.006650164342826931,0.5988830554282846,31.141918882270797
187,0.75,480,368,433,0.7184818969898941,0.021785394715259563,0.6966965022746345,36.22821811828099
187,1.0,480,368,433,1.033052855188452,0.06517471335765325,0.9678781418307987,50.329663375201534
188,0.0,480,360,441,0.0444522696018737,0.01808433875052179,0.02636793085135191,1.3711324042702993
188,0.25,480,360,441,0.3570343806801399,0.01822061953744706,0.3388137611426928,17.618315579420024
188,0.5,480,360,441,0.5716434470712443,-0.0729326806051024,0.6445761276763468,33.51795863917003
188,0.75,480,360,441,0.8296448684390731,0.03953454902601582,0.7901103194130572,41.08573660947897
188,1.0,480,360,441,1.0391012506462454,0.040347723302828584,0.9987535273434167,51.93518342185767
189,0.0,480,350,451,0.08458772194772325,0.03573412767428378,0.048853594273439466,2.5403869022188523
189,0.25,480,350,451,0.332437147263872,0.05284663631289171,0.27959051095098025,14.538706569450973
189,0.5,480,350,451,0.5486059022771185,-0.08119007312026198,0.6297959753973804,32.74939072066378
189,0.75,480,350,451,0.7312823327817609,-0.05096043720037052,0.7822427699821314,40.67662403907083
189,1.0,480,350,451,1.047365641903158,-0.047097335784872504,1.0944629776880306,56.91207483977759
190,0.0,480,364,437,0.11534617705273037,0.025933657069732757,0.0894125199829976,4.649451039115875
190,0.25,480,364,437,0.38000580181082205,-0.06619147552311386,0.44619727733393605,23.202258421364675
190,0.5,480,364,437,0.6264801297901513,-0.017873889413191204,0.6443540192033426,33.50640899857381
190,0.75,480,364,437,0.8326225991872257,-0.009410040764568228,0.8420326399517939,43.785697277493284
190,1.0,480,364,437,1.0664889517034526,0.020508342681180607,1.045980609022272,54.39099166915815
191,0.0,480,355,446,0.15437488667947755,0.055283733972923105,0.09909115270655443,5.1527399407408305
191,0.25,480,355,446,0.30795374921208785,-0.002778146782431919,0.31073189599451967,16.158058591715022
191,0.5,480,355,446,0.5400518033759479,0.04290615251953501,0.4971456508564129,25.85157384453347
191,0.75,480,355,446,0.7646937297787249,-0.1224119135281192,0.887105643306844,46.12949345195589
191,1.0,480,355,446,0.8644804820729942,-0.04890906619022548,0.9133895482632197,47.49625650968743
192,0.0,480,358,443,0.19425262221920117,0.12526806955056916,0.06898455266863204,3.587196738768866
192,0.25,480,358,443,0.3646449590875322,-0.01144311908692922,0.3760880781744614,19.55658006507199
192,0.5,480,358,443,0.5993436086270333,-0.030424316333742766,0.629767924960776,32.74793209796035
192,0.75,480,358,443,0.8049801689264581,-0.08845063039018551,0.8934307993166436,46.45840156446547
192,1.0,480,358,443,1.0591428163196375,0.0120871678949403,1.0470556484246971,54.44689371808425
193,0.0,480,359,442,0.12402612026188131,0.0732505785998388,0.05077554166204252,2.640328166426211
193,0.25,480,359,442,0.39111673969391425,-0.0020717599591496133,0.39318849965306385,20.44580198195932
193,0.5,480,359,442,0.5844905906875634,0.0309198454721193,0.5535707452154441,28.785678751203093
193,0.75,480,359,442,0.8865308623855593,0.05051480399253038,0.836016058393029,43.4728350364375
193,1.0,480,359,442,0.9798067410387287,0.08813290667206772,0.8916738343666609,46.36703938706637
194,0.0,480,361,440,0.1642000793445094,0.02582564947693288,0.1383744298675765,7.195470353113978
194,0.25,480,361,440,0.35500911880826974,-0.025055780291522403,0.38006489909979213,19.76337475318919
194,0.5,480,361,440,0.616648738588239,-0.04316913343499343,0.6598178720232325,34.31052934520809
194,0.75,480,361,440,0.8141497514758183,-0.03585323204446932,0.8500029835202876,44.20015514305496
194,1.0,480,361,440,1.0666349694442234,0.08556123395293178,0.9810737354912916,51.01583424554716
195,0.0,480,371,430,0.1694270920551503,0.030577915358924557,0.13884917669622573,7.220157188203738
195,0.25,480,371,430,0.4213158443135964,0.015248336505937978,0.4060675078076584,21.115510405998236
195,0.5,480,371,430,0.5909113228410432,0.014087768906280652,0.5768235539347627,29.99482480460766
195,0.75,480,371,430,0.8682423147706493,0.10653939992912288,0.7617029148415266,39.608551571759385
195,1.0,480,371,430,1.0794527344177027,-0.007162943236027571,1.0866156776537303,56.504015237993976
196,0.0,480,359,442,0.1592434176659073,0.0802568651234834,0.07898655254242391,4.107300732206044
196,0.25,480,359,442,0.43327258345784003,0.040130097893455625,0.39314248556438447,20.443409249347994
196,0.5,480,359,442,0.5802249305591212,-0.07185361120801366,0.6520785417671348,33.908084171891005
196,0.75,480,359,442,0.8350154252754922,0.007581029177587415,0.8274343960979047,43.02658859709104
196,1.0,480,359,442,1.0335961275660108,-0.0646794101433756,1.0982755377093865,57.1103279608881
197,0.0,480,355,446,0.14610781715891916,0.06468145324092318,0.08142636391799596,4.23417092373579
197,0.25,480,355,446,0.3498927108758801,0.0317252042877737,0.31816750658810633,16.544710342581528
197,0.5,480,355,446,0.5968217649952632,-0.03793959147948459,0.634761356474748,33.00759053668689
197,0.75,480,355,446,0.7968231999957323,-0.006568301415924085,0.8033915014116563,41.77635807340613
197,1.0,480,355,446,1.0298990088577653,0.07799333076021617,0.9519056780975492,49.49909526107256
198,0.0,480,358,443,0.16326792857773384,0.03278548337727174,0.13048244520046212,6.78508715042403
198,0.25,480,358,443,0.42311402443062573,0.018524915342033217,0.40458910908859247,21.038633672606807
198,0.5,480,358,443,0.6645266857272768,0.007739794844690411,0.6567868908825863,34.15291832589449
198,0.75,480,358,443,0.8914649640860238,-0.050317788389813,0.9417827524758369,48.97270312874352
198,1.0,480,358,443,1.0969081123577507,-0.019599566763940115,1.1165076791216906,58.05839931432791
199,0.0,480,361,440,0.13093757708408707,0.016273696424525124,0.11466388065956197,5.962521794297222
199,0.25,480,361,440,0.40095924774983016,-0.03109627251656597,0.43205552026639615,22.4668870538526
199,0.5,480,361,440,0.5810977585854844,0.03199638894345106,0.5491013696420334,28.553271221385735
199,0.75,480,361,440,0.7603546020167555,0.014904281001483584,0.745450321015272,38.763416692794145
199,1.0,480,361,440,0.9991721335904427,-0.019126513169817144,1.0182986467602597,52.951529631533504
200,0.0,480,370,431,0.10232723926293454,-0.01335836439030832,0.11568560365324285,6.015651389968628
200,0.25,480,370,431,0.42473233294262547,-0.0003285525305531898,0.4250608854731787,22.10316604460529
200,0.5,480,370,431,0.5178949352559582,0.012766093449058488,0.5051288418068998,26.266699773958788
200,0.75,480,370,431,0.7745488955476805,0.0534415852311584,0.7211073103165221,37.49758013645915
200,1.0,480,370,431,0.960784200058726,0.004707177771617456,0.9560770222871087,49.71600515892965
201,0.0,480,354,447,0.16255641263432882,0.06085763095623839,0.10169878167809043,5.288336647260703
201,0.25,480,354,447,0.37471667320409635,-0.10815567478448739,0.48287234798858375,25.109362095406354
201,0.5,480,354,447,0.6770165527714554,-0.12886597718025378,0.8058825299517092,41.90589155748888
201,0.75,480,354,447,0.8323713233568136,-0.04146427789163701,0.8738356012484505,45.43945126491943
201,1.0,480,354,447,0.9710991086660425,0.04502549098128134,0.9260736176847613,48.155828119607584
202,0.0,480,373,428,0.09057433079620471,0.05435238876144233,0.03622194203476239,1.8835409858076442
202,0.25,480,373,428,0.3819274246576603,-0.029608875870630387,0.4115363005282907,21.399887627471117
202,0.5,480,373,428,0.6085003681032809,0.018448876287194185,0.5900514918160866,30.682677574436504
202,0.75,480,373,428,0.7781705749868787,0.04994565880401825,0.7282249161828604,37.867695641508746
202,1.0,480,373,428,1.1221058272427007,0.01395948104102501,1.1081463462016756,57.62361000248713
203,0.0,480,364,437,0.1746227030797881,0.02714051363294031,0.14748218944684782,7.669073851236087
203,0.25,480,364,437,0.3603299859079085,-0.006043400582228489,0.366373386490137,19.051416097487124
203,0.5,480,364,437,0.5366954028274313,-0.020329940243057024,0.5570253430704885,28.9653178396654
203,0.75,480,364,437,0.8655663707799229,0.11086140076512396,0.7547049700147991,39.244658440769555
203,1.0,480,364,437,1.0721482942728595,0.10106291575610635,0.9710853785167533,50.49643968287117
204,0.0,480,357,444,0.2074525818132943,0.018126549204991037,0.18932603260830327,9.84495369563177
204,0.25,480,357,444,0.4037650355050183,0.03745555152916843,0.3663094839758498,19.048093166744188
204,0.5,480,357,444,0.6057742639300535,-0.037466086231073066,0.6432403501611267,33.44849820837859
204,0.75,480,357,444,0.8310231333676831,-0.13688998589737472,0.9679131192650579,50.33148220178301
204,1.0,480,357,444,1.1009758951754518,-0.002473852149520134,1.1034497473249716,57.37938686089852
205,0.0,480,358,443,0.21350979146327126,0.054028278122416375,0.15948151334085492,8.293038693724455
205,0.25,480,358,443,0.4628193790562385,-0.011061910193771464,0.47388128925000994,24.641827041000518
205,0.5,480,358,443,0.6245569516744538,-0.022930001522167866,0.6474869531966218,33.66932156622433
205,0.75,480,358,443,0.879418187920344,0.009293848712163065,0.8701243392081811,45.24646563882542
205,1.0,480,358,443,0.9954448804155875,0.03567261767803018,0.9597722627375573,49.908157662352984
206,0.0,480,361,440,0.09258625409882817,0.03985438338338973,0.05273187071543844,2.742057277202799
206,0.25,480,361,440,0.33318028959851437,-0.0654222996955526,0.3986025892940669,20.727334643291478
206,0.5,480,361,440,0.5662407157092272,0.012636825689194366,0.5536038900200329,28.787402281041707
206,0.75,480,361,440,0.8626854627904723,0.03278115510110176,0.8299043076893704,43.15502399984726
206,1.0,480,361,440,1.104791206428569,0.07393122972984756,1.0308599766987214,53.604718788333514
207,0.0,480,359,442,0.16137585098271678,0.06777153985378806,0.09360431112892871,4.867424178704293
207,0.25,480,359,442,0.3519317474201248,0.07844116809541869,0.2734905793247061,14.221510124884718
207,0.5,480,359,442,0.615971951527611,-0.013537901225829266,0.6295098527534403,32.73451234317889
207,0.75,480,359,442,0.7800897769861724,0.03655644347325542,0.743533333512917,38.663733342671684
207,1.0,480,359,442,1.022648799804152,0.12386975345119305,0.8987790463529589,46.736510410353866
208,0.0,480,356,445,0.12204407002380244,0.02187319126877467,0.1001708787550278,5.208885695261445
208,0.25,480,356,445,0.40815698277859686,-0.01680862605825494,0.4249656088368518,22.098211659516295
208,0.5,480,356,445,0.5774518426490631,-0.008124648543744494,0.5855764911928076,30.449977542025998
208,0.75,480,356,445,0.7125728261257231,-0.018905294368572797,0.731478120494296,38.03686226570339
208,1.0,480,356,445,1.0085835613798155,0.057415323036659506,0.951168238343156,49.46074839384411
209,0.0,480,356,445,0.11934834195106661,0.06510349606783963,0.05424484588322699,2.8207319859278037
209,0.25,480,356,445,0.3660200628285524,-0.03226320972462273,0.3982832725531751,20.710730172765103
209,0.5,480,356,445,0.6614610590544385,-0.053101430828514325,0.7145624898829528,37.157249473913545
209,0.75,480,356,445,0.8279005106984052,-0.13575889668857574,0.9636594073869812,50.11028918412302
209,1.0,480,356,445,1.0304106308433758,-0.0090533289931004,1.039463959836476,54.05212591149676
210,0.0,480,362,439,0.13139418854966212,0.0043160599802501524,0.127078128569412,6.608062685609424
210,0.25,480,362,439,0.34348519347164286,-0.032702369895738964,0.37618756336738185,19.561753295103856
210,0.5,480,362,439,0.6090858953767363,0.04360322235191736,0.5654826730248189,29.405098997290583
210,0.75,480,362,439,0.7806959051783187,-0.06212694786417301,0.8428228530424918,43.826788358209576
210,1.0,480,362,439,0.9402879250649867,0.025006706559765737,0.915281218505221,47.59462336227149
211,0.0,480,366,435,0.13658998037955522,0.04919403193459294,0.0873959484449623,4.54458931913804
211,0.25,480,366,435,0.4667954702310029,0.007923084246542473,0.4588723859844604,23.86136407119194
211,0.5,480,366,435,0.6121546774368455,-0.026201618041545874,0.6383562954783912,33.19452736487634
211,0.75,480,366,435,0.8570558526223948,-0.02574466581846982,0.8828005184408646,45.90562695892496
211,1.0,480,366,435,1.0522273590684175,0.04013126731918382,1.0120960917492337,52.62899677096015
212,0.0,480,364,437,0.13654664669200484,-0.005275817711413882,0.1418224644034187,7.374768148977772
212,0.25,480,364,437,0.33898353673927806,-0.07566724863990419,0.41465078537918226,21.561840839717476
212,0.5,480,364,437,0.5204370602022685,2.449676772031012e-05,0.5204125634345482,27.061453298596508
212,0.75,480,364,437,0.8110584849178782,-0.01209966246970288,0.823158147387581,42.80422366415421
212,1.0,480,364,437,1.025314559533808,0.00642172834601368,1.0188928311877943,52.982427221765306
213,0.0,480,357,444,0.14561230655153237,0.019943815590563022,0.12566849096096935,6.534761529970407
213,0.25,480,357,444,0.37851519448502297,-0.01962653665670588,0.39814173114172874,20.703370019369896
213,0.5,480,357,444,0.5854574002403881,0.013123097282294095,0.5723343029580941,29.76138375382089
213,0.75,480,357,444,0.8404495155947223,-0.023180872275698414,0.8636303878704207,44.908780169261874
213,1.0,480,357,444,0.9833392274174031,0.02421947869196627,0.9591197487254368,49.87422693372272
214,0.0,480,354,447,0.10857131293065655,0.0231633048043522,0.08540800812630438,4.441216422567828
214,0.25,480,354,447,0.38347852466683896,-0.03669213304211003,0.42017065770894896,21.848874200865346
214,0.5,480,354,447,0.6735020716589074,-0.060589655277024784,0.7340917269359323,38.172769800668476
214,0.75,480,354,447,0.8249184024858235,-0.021838549039483502,0.846756951525307,44.03136147931596
214,1.0,480,354,447,1.0078069225816169,-0.04256105345661715,1.050367976038234,54.61913475398817
215,0.0,480,368,433,0.10057806904059406,0.04319979481441536,0.05737827422617869,2.9836702597612916
215,0.25,480,368,433,0.34170228049946283,-0.016506381198587564,0.3582086616980504,18.62685040829862
215,0.5,480,368,433,0.5411593951504681,-0.05846233764815843,0.5996217327986264,31.180330105528572
215,0.75,480,368,433,0.7737248971108556,-0.04292144568533035,0.8166463427961859,42.465609825401664
215,1.0,480,368,433,1.0626272871023568,-0.06521114475339822,1.1278384318557548,58.64759845649925
216,0.0,480,355,446,0.14059048789885487,0.022308741394033584,0.1182817465048213,6.150650818250708
216,0.25,480,355,446,0.3135125259395012,-0.010528165032623629,0.3240406909721249,16.850115930550494
216,0.5,480,355,446,0.5919790941441528,-0.04407606411984209,0.6360551582639951,33.07486822972774
216,0.75,480,355,446,0.7303255414283675,-0.06394163287950916,0.7942671743078766,41.30189306400958
216,1.0,480,355,446,1.0212907239696485,0.10036546296779471,0.9209252610018538,47.888113572096394
217,0.0,480,363,438,0.23690956213569453,0.04603722567130635,0.19087233646438823,9.925361496148188
217,0.25,480,363,438,0.35053221028882026,-0.026763672018682443,0.3772958823075027,19.61938587999014
217,0.5,480,363,438,0.6541192240553892,0.017006019523111333,0.6371132045322778,33.129886635678446
217,0.75,480,363,438,0.7854995393069951,-0.01833675645972906,0.8038362957667241,41.79948737986965
217,1.0,480,363,438,1.034188403131885,0.09780841560154284,0.9363799875303424,48.6917593515778
218,0.0,480,346,455,0.17715927748277005,0.040235316926630016,0.13692396055614003,7.120045948919282
218,0.25,480,346,455,0.39098021643209396,0.03370804407396568,0.3572721723581283,18.57815296262267
218,0.5,480,346,455,0.618729567838382,-0.04738051028096829,0.6661100781193502,34.63772406220621
218,0.75,480,346,455,0.7671935000986989,-0.012026831903018632,0.7792203320017174,40.519457264089304
218,1.0,480,346,455,0.9916525395329621,0.011734163459289498,0.9799183760736726,50.955755555830976
219,0.0,480,364,437,0.1883834409658126,0.0857488695321252,0.10263457143368743,5.336997714551746
219,0.25,480,364,437,0.35817152590677415,-0.008980193198971422,0.3671517191057456,19.09188939349877
219,0.5,480,364,437,0.596424166290488,0.031912548979883486,0.5645116173106045,29.354604100151434
219,0.75,480,364,437,0.8565875838848691,0.014561291866349644,0.8420262920185194,43.78536718496301
219,1.0,480,364,437,1.0056255290625618,0.08536238398748366,0.920263145075078,47.853683543904054
220,0.0,480,362,439,0.09414043007790254,-0.00931514745862596,0.10345557753652851,5.379690031899482
220,0.25,480,362,439,0.34941083676568213,0.01585601777616236,0.33355481898951983,17.34485058745503
220,0.5,480,362,439,0.5977782447780609,0.016410460300448116,0.5813677844776127,30.23112479283586
220,0.75,480,362,439,0.7490607316726217,0.04683008809272838,0.7022306435798932,36.51599346615445
220,1.0,480,362,439,1.001382474281706,0.11450322284714141,0.8868792514345643,46.11772107459734
221,0.0,480,369,432,0.09069967152877852,0.028963734331783304,0.06173593719699523,3.210268734243752
221,0.25,480,369,432,0.43692371932818425,-0.013336309904000218,0.45026002923218444,23.41352152007359
221,0.5,480,369,432,0.49580320074267437,-0.041650048388769206,0.5374532491314435,27.947568954835063
221,0.75,480,369,432,0.8438627464264721,-0.0383656885552087,0.8822284349816807,45.8758786190474
221,1.0,480,369,432,1.0364448841832254,0.09706000206900353,0.9393848821142219,48.848013869939535
222,0.0,480,359,442,0.10382881088665659,0.03963357271955258,0.06419523816710403,3.3381523846894092
222,0.25,480,359,442,0.44230453254549024,-0.0195741653475975,0.4618786978930877,24.01769229044056
222,0.5,480,359,442,0.6285827750532388,8.021565750011681e-05,0.6285025593957386,32.68213308857841
222,0.75,480,359,442,0.85445565238566,-0.06364241687368878,0.9180980692593488,47.741099601486134
222,1.0,480,359,442,1.0348135520850923,0.06146653992110902,0.9733470121639831,50.614044632527126
223,0.0,480,354,447,0.115266705810762,0.0567369722475288,0.05852973356323319,3.043546145288126
223,0.25,480,354,447,0.38726994444137247,0.021002296004083557,0.366267648437289,19.045917718739027
223,0.5,480,354,447,0.5741942304424821,-0.008656732188843178,0.5828509626313254,30.30825005682892
223,0.75,480,354,447,0.7430525172472665,0.06615886424188495,0.6768936530053817,35.19846995627985
223,1.0,480,354,447,0.914027437015274,0.13500996697309403,0.7790174700421799,40.50890844219336
224,0.0,480,373,428,0.128503373202888,-0.03656616195854726,0.16506953516143524,8.583615828394633
224,0.25,480,373,428,0.4304921636106851,0.010152890380180923,0.42033927323050424,21.85764220798622
224,0.5,480,373,428,0.615716803218914,-0.006151781132098562,0.6218685843510126,32.337166386252655
224,0.75,480,373,428,0.758720501667007,-0.07022158447804377,0.8289420861450506,43.104988479542634
224,1.0,480,373,428,1.0423998133179717,0.0308527665752265,1.0115470467427454,52.60044643062276
225,0.0,480,353,448,0.1510709314261214,0.024843505613088235,0.12622742581303317,6.563826142277725
225,0.25,480,353,448,0.40871242980490025,0.021032975780653045,0.38767945402424725,20.159331609260857
225,0.5,480,353,448,0.6309834062032523,-0.06592839439880946,0.6969118006020617,36.23941363130721
225,0.75,480,353,448,0.8859294659732555,-0.05126011725168215,0.9371895832249376,48.73385832769676
225,1.0,480,353,448,1.0055874709101071,-0.04845408026730962,1.0540415511774168,54.81016066122567
226,0.0,480,361,440,0.21493516262500495,0.05896391089640796,0.15597125172859694,8.110505089887042
226,0.25,480,361,440,0.37030590716521894,-0.001881873800187416,0.3721877809654063,19.353764610201125
226,0.5,480,361,440,0.6478282212043317,-0.0005510957812354606,0.6483793169855673,33.715724483249495
226,0.75,480,361,440,0.8306598927047526,0.09597371373527946,0.7346861789694732,38.203681306412605
226,1.0,480,361,440,0.9836649230596785,0.09992409415628464,0.8837408289033939,45.95452310297648
227,0.0,480,360,441,0.16649438811531433,0.04136545925405282,0.12512892886126153,6.5067043007856
227,0.25,480,360,441,0.41365649244791824,-0.007698096262041611,0.42135458870995984,21.91043861291791
227,0.5,480,360,441,0.6501474036557916,-0.03805211026936365,0.6881995139251552,35.78637472410807
227,0.75,480,360,441,0.7971715637326712,0.05201146470119332,0.7451600990314777,38.74832514963684
227,1.0,480,360,441,1.0717216664083544,0.15122459237524097,0.9204970740331134,47.865847849721895
228,0.0,480,362,439,0.15370899926469328,0.050796734090224234,0.10291226517446908,5.351437789072392
228,0.25,480,362,439,0.40818815665524844,-0.0031610396473959073,0.4113491963026443,21.390158207737507
228,0.5,480,362,439,0.6943615749644795,-0.06480410941412923,0.7591656843786085,39.47661558768765
228,0.75,480,362,439,0.8353279175700052,-0.0899160524535145,0.9252439700235198,48.112686441223026
228,1.0,480,362,439,1.073505422567905,0.06391668734713833,1.0095887352207669,52.49861423147988
229,0.0,480,353,448,0.12658445914990638,0.014965249444362673,0.1116192097055437,5.804198904688272
229,0.25,480,353,448,0.36297115389864754,0.04340844512786785,0.3195627087707797,16.617260856080545
229,0.5,480,353,448,0.6126462641130772,0.015808844283271974,0.5968374198298053,31.035545831149875
229,0.75,480,353,448,0.7633263436934261,0.14268227247323506,0.620644071220191,32.273491703449935
229,1.0,480,353,448,0.9818410863553642,0.144352217839951,0.8374888685154132,43.54942116280149
230,0.0,480,361,440,0.12553701994685618,0.06430027890403375,0.0612367410428224,3.184310534226765
230,0.25,480,361,440,0.38393463292079655,-0.07259243994638394,0.4565270728671805,23.739407789093384
230,0.5,480,361,440,0.6439040283959432,-0.04682890723533845,0.6907329356312816,35.91811265282664
230,0.75,480,361,440,0.8437098569003427,-0.028588616057132386,0.8722984729574751,45.3595205937887
230,1.0,480,361,440,1.0515227745560825,0.025281909362730073,1.0262408651933523,53.36452499005432
231,0.0,480,356,445,0.2193257741839362,0.05907354637523284,0.16025222780870335,8.333115846052575
231,0.25,480,356,445,0.3562426986041599,-0.015372939781071095,0.371615638385231,19.324013196032013
231,0.5,480,356,445,0.4846936922472565,0.028465147808625465,0.45622854443863103,23.723884310808813
231,0.75,480,356,445,0.7797466174355222,0.016771456382423406,0.7629751610530987,39.67470837476113
231,1.0,480,356,445,0.9557587666025171,0.018717928681392756,0.9370408379211244,48.72612357189847
232,0.0,480,371,430,0.24021158696271305,0.029054798283967415,0.2111567886787456,10.980153011294771
232,0.25,480,371,430,0.4176520945637155,-0.0066389393071155395,0.424291033870831,22.06313376128321
232,0.5,480,371,430,0.6804984478597589,-0.03664649641748752,0.7171449442772465,37.29153710241682
232,0.75,480,371,430,0.8324493268110655,-0.032441726595650845,0.8648910534067163,44.97433477714925
232,1.0,480,371,430,1.0113329184494946,0.010363364020535493,1.0009695544289592,52.05041683030588
233,0.0,480,367,434,0.059639232778530483,0.06469309416083892,-0.005053861382308429,-0.2628007918800383
233,0.25,480,367,434,0.4009548038504636,-0.017841517256817183,0.4187963211072808,21.777408697578604
233,0.5,480,367,434,0.5118392500643458,0.0525066809209708,0.4593325691433749,23.885293595455494
233,0.75,480,367,434,0.84805734433667,-0.046005290114226056,0.894062634450896,46.49125699144659
233,1.0,480,367,434,1.029199065965915,0.023360811681432333,1.0058382542844828,52.30358922279311
234,0.0,480,361,440,0.14462879911242207,0.06718567209462192,0.07744312701780012,4.027042604925606
234,0.25,480,361,440,0.33689687097027854,-0.036013639137682144,0.37291051010796067,19.391346525613955
234,0.5,480,361,440,0.5915932598429989,0.055841120773467784,0.5357521390695311,27.859111231615618
234,0.75,480,361,440,0.893608127976216,0.07433338531434547,0.8192747426618706,42.602286618417274
234,1.0,480,361,440,1.0475725066874553,0.0675006616484619,0.9800718450389936,50.96373594202767
235,0.0,480,375,426,0.11694159011324445,0.03982288249389435,0.07711870761935012,4.010172796206207
235,0.25,480,375,426,0.34799893809403054,-0.04024735883076055,0.3882462969247911,20.18880744008914
235,0.5,480,375,426,0.6605459936893253,-0.016680386229533693,0.677226379918859,35.21577175578067
235,0.75,480,375,426,0.8320810533182975,0.11995368448814137,0.7121273688301561,37.03062317916812
235,1.0,480,375,426,1.095147053523128,0.06441707017578487,1.0307299833473431,53.59795913406184
236,0.0,480,370,431,0.1046979150873167,-0.014506185309971812,0.11920410039728849,6.198613220659001
236,0.25,480,370,431,0.4160262219149744,-0.0812497327312169,0.4972759546461913,25.858349641601947
236,0.5,480,370,431,0.5985116500996243,-0.039528400163557784,0.638040050263182,33.17808261368546
236,0.75,480,370,431,0.7455777902148334,0.047205995497547594,0.6983717947172859,36.315333325298866
236,1.0,480,370,431,0.9600476311027206,-0.049037201648312045,1.0090848327510324,52.47241130305369
237,0.0,480,371,430,0.16146043837324867,0.12147118089820577,0.03998925747504287,2.0794413887022296
237,0.25,480,371,430,0.36178106899827256,-0.01510661544376585,0.3768876844420384,19.598159590985997
237,0.5,480,371,430,0.6140965969996047,0.04376000046152279,0.5703365965380818,29.657503019980254
237,0.75,480,371,430,0.7623065165576273,-0.02152038863199796,0.7838269051896252,40.75899906986051
237,1.0,480,371,430,1.0363713198768512,0.13486610494013884,0.9015052149367122,46.878271176709035
238,0.0,480,350,451,0.08826766909771118,0.0412867313327507,0.0469809377649605,2.443008763777946
238,0.25,480,350,451,0.41041167627055697,0.05367676757673059,0.35673490869382635,18.55021525207897
238,0.5,480,350,451,0.5655205264140183,0.03118277913749334,0.5343377472765249,27.785562858379297
238,0.75,480,350,451,0.7954393353506861,-0.009571222756033573,0.8050105581067196,41.86054902154942
238,1.0,480,350,451,1.0226951039128689,0.034604784723700516,0.9880903191891685,51.38069659783676
239,0.0,480,367,434,0.17142251998232333,0.033606558974912146,0.13781596100741117,7.166429972385381
239,0.25,480,367,434,0.33523042297830014,-0.021277212437781755,0.35650763541608194,18.538397041636262
239,0.5,480,367,434,0.5692645935842884,-0.030786789814253236,0.6000513833985415,31.20267193672416
239,0.75,480,367,434,0.8217572554126551,0.075602669237769,0.7461545861748863,38.800038481094084
239,1.0,480,367,434,1.0712717040232926,0.05348749061089123,1.0177842134124016,52.92477909744488
240,0.0,480,361,440,0.1580551950239342,0.017815957317823525,0.1402392377061107,7.292440360717755
240,0.25,480,361,440,0.3524997007990259,-0.041262708192605475,0.39376240899163134,20.47564526756483
240,0.5,480,361,440,0.643984391644274,-0.05804973442082662,0.7020341260651006,36.50577455538523
240,0.75,480,361,440,0.7761504743289909,-0.06291653666770707,0.8390670109966981,43.6314845718283
240,1.0,480,361,440,1.069475602784535,0.03608965485776451,1.0333859479267702,53.73606929219205
241,0.0,480,348,453,0.1407294153191124,0.02349963719839895,0.11722977812071346,6.0959484622771
241,0.25,480,348,453,0.40188380279140135,-0.0019548588305460975,0.40383866162194737,20.99961040434126
241,0.5,480,348,453,0.5844917320184703,0.0540372214874232,0.5304545105310471,27.583634547614448
241,0.75,480,348,453,0.7644965286750685,-0.01717332698713679,0.7816698556622053,40.646832494434676
241,1.0,480,348,453,0.9633662451596564,0.10212539918979861,0.8612408459698578,44.78452399043261
242,0.0,480,361,440,0.13825630787983886,0.041390851423395755,0.0968654564564431,5.037003735735041
242,0.25,480,361,440,0.40605778983520063,0.0014180171084021173,0.40463977272679846,21.04126818179352
242,0.5,480,361,440,0.6261363004772686,0.01563681992457205,0.6104994805526965,31.74597298874022
242,0.75,480,361,440,0.7853072184859732,0.028015584634466007,0.757291633851507,39.379164960278366
242,1.0,480,361,440,0.9760742474129726,0.10630633248864918,0.8697679149243234,45.22793157606482
243,0.0,480,357,444,0.14326202531222826,0.019651159190359844,0.12361086612186842,6.427765038337157
243,0.25,480,357,444,0.3211957400028932,0.017332631597915735,0.30386310840497743,15.800881637058826
243,0.5,480,357,444,0.4804503408094155,-0.049257032745168586,0.5297073735545841,27.54478342483837
243,0.75,480,357,444,0.8342103751510325,0.017251023909391424,0.8169593512416411,42.48188626456534
243,1.0,480,357,444,0.9649517957510653,-0.021242388088618756,0.9861941838396842,51.282097559663576
244,0.0,480,355,446,0.19675265643728992,0.10060097982918408,0.09615167660810586,4.999887183621505
244,0.25,480,355,446,0.379582966842779,-0.06570359537148782,0.44528656221426677,23.15490123514187
244,0.5,480,355,446,0.49843252580548086,-0.017350125142746847,0.5157826509482277,26.82069784930784
244,0.75,480,355,446,0.8170466167116484,0.049553229980920495,0.7674933867307279,39.90965610999785
244,1.0,480,355,446,0.9882508541008123,0.014029143636168667,0.9742217104646436,50.659528944161465
245,0.0,480,358,443,0.20556166754880742,0.03262692252607657,0.17293474502273087,8.992606741182005
245,0.25,480,358,443,0.33721385876241045,-0.063670632621004,0.40088449138341437,20.845993551937546
245,0.5,480,358,443,0.648647623450354,0.012935687963947475,0.6357119354864066,33.05702064529314
245,0.75,480,358,443,0.8976478460827932,-0.041600817876833215,0.9392486639596265,48.840930525900575
245,1.0,480,358,443,1.071646199142957,0.0476947846844175,1.0239514144585393,53.24547355184404
246,0.0,480,364,437,0.1577794488104139,0.029794190380927222,0.12798525842948663,6.655233438333305
246,0.25,480,364,437,0.3871346134196267,-0.07039714257711718,0.45753175599674395,23.791651311830684
246,0.5,480,364,437,0.5992244319514269,0.02270301906160161,0.5765214128898253,29.979113470270914
246,0.75,480,364,437,0.8413875831541404,0.07554403554597874,0.7658435476081618,39.82386447562441
246,1.0,480,364,437,1.0417402277007999,0.07788140671637017,0.9638588209844299,50.12065869119036
247,0.0,480,365,436,0.015928678659451936,0.0013168802766639948,0.01461179838278794,0.7598135159049729
247,0.25,480,365,436,0.3392792846728818,-0.04745364292168193,0.38673292759456374,20.110112234917313
247,0.5,480,365,436,0.5249168786350089,0.03050243913618894,0.49441443949881997,25.709550853938637
247,0.75,480,365,436,0.7636322820180549,-0.04407266803010146,0.8077049500481563,42.00065740250413
247,1.0,480,365,436,0.9944692983832383,0.06386228751626961,0.9306070108669686,48.39156456508237
248,0.0,480,351,450,0.155258613660722,0.05723230294675698,0.09802631071396503,5.097368157126182
248,0.25,480,351,450,0.32480650749626405,-0.054525538235058374,0.3793320457313224,19.725266378028763
248,0.5,480,351,450,0.5464535304302349,0.031618684975643574,0.5148348454545913,26.77141196363875
248,0.75,480,351,450,0.7282621339192734,0.03910370262773502,0.6891584312915384,35.83623842716
248,1.0,480,351,450,0.9425315805795329,-0.05138669778924099,0.9939182783687736,51.683750475176225
249,0.0,480,370,431,0.12315675669965204,0.054066447732368066,0.06909030896728395,3.5926960662987653
249,0.25,480,370,431,0.42155499563188314,0.018269006934270006,0.4032859886976132,20.970871412275883
249,0.5,480,370,431,0.5999284328450663,0.11392682979941976,0.48600160304564644,25.272083358373614
249,0.75,480,370,431,0.8199426468873263,-0.03788445795708602,0.8578271048444123,44.60700945190944
249,1.0,480,370,431,0.9620833863126991,0.06584089539172673,0.8962424909209725,46.604609527890574
250,0.0,480,360,441,0.13337686013890235,0.029865137879527187,0.10351172225937516,5.382609557487508
250,0.25,480,360,441,0.3698428878136394,0.008292899596456413,0.361549988217183,18.800599387293516
250,0.5,480,360,441,0.5543190808735574,-0.0376259948112909,0.5919450756848483,30.781143935612114
250,0.75,480,360,441,0.8060502159411462,-0.0021595331694596563,0.8082097491106056,42.02690695375149
250,1.0,480,360,441,0.9547436807023254,0.04310038516422289,0.9116432955381024,47.40545136798133
251,0.0,480,366,435,0.09414806703992619,0.046590483640956686,0.04755758339896952,2.472994336746415
251,0.25,480,366,435,0.40711177855068303,-0.003942433512224382,0.41105421206290743,21.374819027271187
251,0.5,480,366,435,0.6697244078096735,0.10181386436689963,0.5679105434427738,29.531348259024238
251,0.75,480,366,435,0.8253193650384726,0.09165430204309813,0.7336650629953743,38.15058327575946
251,1.0,480,366,435,1.0385926903073837,0.12177474221177924,0.9168179480956045,47.67453330097143
252,0.0,480,359,442,0.09457035574803947,0.08616050009039343,0.008409855657646046,0.4373124941975944
252,0.25,480,359,442,0.33134328712994915,-0.03984769455938338,0.37119098168933257,19.301931047845294
252,0.5,480,359,442,0.671797753224729,0.020555719316692842,0.6512420339080361,33.86458576321788
252,0.75,480,359,442,0.8185763376577532,-0.06867317901689024,0.8872495166746434,46.136974867081456
252,1.0,480,359,442,1.0383101842542553,-0.07501815761625871,1.113328341870514,57.89307377726673
253,0.0,480,373,428,0.2168790632080204,0.10732490950219906,0.10955415370582135,5.69681599270271
253,0.25,480,373,428,0.3671462106194279,0.023818334190379955,0.343327876429048,17.853049574310496
253,0.5,480,373,428,0.6157610762438267,-0.03479446390794095,0.6505555401517676,33.82888808789192
253,0.75,480,373,428,0.8258049896512941,-0.024890828624850148,0.8506958182761443,44.2361825503595
253,1.0,480,373,428,0.9802392464762983,-0.00020230463039819468,0.9804415511066964,50.98296065754821
254,0.0,480,369,432,0.11902847243880259,0.0030595569669041867,0.11596891547189841,6.030383604538717
254,0.25,480,369,432,0.35284998626650177,0.012725337419466314,0.34012464884703547,17.686481740045846
254,0.5,480,369,432,0.5798052640705292,-0.11883562962244679,0.6986408936929759,36.329326472034744
254,0.75,480,369,432,0.7677958035010527,-0.1928232511065606,0.9606190546076134,49.9521908395959
254,1.0,480,369,432,1.0918346144133946,-0.1002691549865293,1.192103769399924,61.98939600879604
255,0.0,480,362,439,0.10818179127622815,0.029270834269239324,0.07891095700698882,4.103369764363419
255,0.25,480,362,439,0.3940079808429056,0.0026033392253153875,0.39140464161759025,20.353041364114695
255,0.5,480,362,439,0.6645455643332846,-0.0370049125321531,0.7015504768654378,36.48062479700277
255,0.75,480,362,439,0.8249405506023699,-0.029570852053162216,0.8545114026555319,44.43459293808766
255,1.0,480,362,439,1.0640029941617473,0.06833306714744812,0.9956699270142993,51.774836204743565
256,0.0,480,369,432,0.13875700296614193,0.04608123025635459,0.09267577270978739,4.819140180908944
256,0.25,480,369,432,0.3930686889343803,-0.011149989450491655,0.40421867838487197,21.01937127601334
256,0.5,480,369,432,0.5640663905306074,-0.09767162356238829,0.6617380140929957,34.41037673283578
256,0.75,480,369,432,0.8252357625257942,0.030174352900632744,0.7950614096251617,41.34319330050841
256,1.0,480,369,432,1.0402272967189479,0.09742173717676482,0.942805559542183,49.02588909619352
257,0.0,480,359,442,0.07293269838187573,0.0033015568874566205,0.0696311414944191,3.620819357709793
257,0.25,480,359,442,0.39711771337371093,0.025220311280457396,0.37189740209325356,19.338664908849186
257,0.5,480,359,442,0.5651024479393305,-0.07123948812435077,0.6363419360636813,33.089780675311424
257,0.75,480,359,442,0.7727289052362648,-0.10152578157492037,0.8742546868111852,45.461243714181634
257,1.0,480,359,442,1.0124403404620839,0.008350395570050524,1.0040899448920333,52.21267713438573
258,0.0,480,348,453,0.11427885828189845,-0.038330043483796775,0.15260890176569522,7.935662891816151
258,0.25,480,348,453,0.40398935139879116,-0.04296254144647068,0.4469518928452619,23.24149842795362
258,0.5,480,348,453,0.5405944906121366,-0.04740402853274432,0.5879985191448809,30.575922995533805
258,0.75,480,348,453,0.8320546658089648,-0.07747061683068972,0.9095252826396545,47.295314697262036
258,1.0,480,348,453,1.0099793471518377,0.05406316276405568,0.955916184387782,49.70764158816466
259,0.0,480,335,466,0.11468050501225392,0.015448787786221801,0.0992317172260321,5.160049295753669
259,0.25,480,335,466,0.3846729822394688,-0.027246942329129126,0.4119199245685979,21.41983607756709
259,0.5,480,335,466,0.6106492543952747,-0.010908811408773707,0.6215580658040485,32.32101942181052
259,0.75,480,335,466,0.8576593544278771,0.09212668840823347,0.7655326660196436,39.80769863302147
259,1.0,480,335,466,1.049209918055599,0.1320087793522256,0.917201138703373,47.694459212575396
260,0.0,480,365,436,0.13844839598153486,0.028006785236912517,0.11044161074462235,5.742963758720362
260,0.25,480,365,436,0.282455334554194,-0.05404819223638363,0.33650352679057766,17.49818339311004
260,0.5,480,365,436,0.6299323885621161,0.024657870622349327,0.6052745179397668,31.474274932867875
260,0.75,480,365,436,0.7980698289929343,-0.05546445030714993,0.8535342793000844,44.38378252360439
260,1.0,480,365,436,1.0151593137827257,0.030309429711884307,0.9848498840708414,51.21219397168375
261,0.0,480,343,458,0.136642351349571,0.04493763962961564,0.0917047117199554,4.76864500943768
261,0.25,480,343,458,0.38251379213865955,0.01894966162685063,0.36356413051180886,18.90533478661406
261,0.5,480,343,458,0.6909941197649073,-0.002435079492085726,0.693429199256993,36.05831836136363
261,0.75,480,343,458,0.8461740600475737,0.02833100581683157,0.8178430542307419,42.52783881999858
261,1.0,480,343,458,1.1035960200475932,0.05005695031744854,1.0535390697301446,54.784031625967515
262,0.0,480,356,445,0.17584614355509098,0.05570928971285894,0.12013685384223206,6.2471163997960675
262,0.25,480,356,445,0.4140646429114224,0.0188388805338223,0.3952257623776002,20.551739643635212
262,0.5,480,356,445,0.5886530651362399,-0.07121318030247327,0.6598662454387133,34.31304476281309
262,0.75,480,356,445,0.8464999935443672,0.020218292692209455,0.8262817008521577,42.9666484443122
262,1.0,480,356,445,1.0555499847231395,0.05423692030507825,1.0013130644180614,52.06827934973919
263,0.0,480,370,431,0.1470738321405284,0.09551811312624678,0.05155571901428161,2.6808973887426437
263,0.25,480,370,431,0.44936380425887074,-0.010652642771447438,0.4600164470303181,23.92085524557654
263,0.5,480,370,431,0.5854231761961494,-0.033415396971944525,0.6188385731680939,32.17960580474088
263,0.75,480,370,431,0.8174942833667794,-0.03244067030152884,0.8499349536683084,44.196617590752034
263,1.0,480,370,431,1.1217344975728147,0.07504796606068465,1.0466865315121303,54.42769963863078
264,0.0,480,348,453,0.20491654667698597,0.05515706794816032,0.14975947872882567,7.787492893898935
264,0.25,480,348,453,0.38134548906257426,0.0175230488121683,0.36382244025040594,18.918766893021107
264,0.5,480,348,453,0.5982046563327876,0.018293026615042892,0.5799116297177448,30.15540474532273
264,0.75,480,348,453,0.728570259121088,-0.025239902556881924,0.7538101616779699,39.19812840725444
264,1.0,480,348,453,0.9663642497775498,-0.026364588030947215,0.9927288378084969,51.62189956604183
265,0.0,480,357,444,0.11542018456581897,0.03478303626198196,0.08063714830383703,4.193131711799525
265,0.25,480,357,444,0.38498553977764083,-0.002046393264166659,0.3870319330418075,20.12566051817399
265,0.5,480,357,444,0.5804215938140617,-0.0058729185132617295,0.5862945123273234,30.48731464102082
265,0.75,480,357,444,0.7574110872291845,0.041367668084952576,0.716043419144232,37.23425779550006
265,1.0,480,357,444,0.9675345066787707,0.03663015260931204,0.9309043540694586,48.407026411611845
266,0.0,480,374,427,0.2062469714077271,0.06101844480047902,0.14522852660724814,7.551883383576903
266,0.25,480,374,427,0.3917645286236073,-0.031824338662820445,0.4235888672864277,22.02662109889424
266,0.5,480,374,427,0.6072664046183014,-0.06755243553838833,0.6748188401566897,35.09057968814786
266,0.75,480,374,427,0.7552660411535325,-0.08623494871143929,0.8415009898649717,43.75805147297853
266,1.0,480,374,427,1.031082635936372,-0.12129999553303981,1.1523826314694119,59.92389683640942
267,0.0,480,367,434,0.1321340410423774,0.014037274545689619,0.11809676649668777,6.141031857827764
267,0.25,480,367,434,0.4135447107389985,-0.005728196131936497,0.419272906870935,21.80219115728862
267,0.5,480,367,434,0.5901550126349766,0.01017147956557283,0.5799835330694039,30.159143719609002
267,0.75,480,367,434,0.759379653494435,-0.1466231833621707,0.9060028368566058,47.1121475165435
267,1.0,480,367,434,0.9891230872756186,-0.007597018689922585,0.9967201059655412,51.82944551020814
268,0.0,480,362,439,0.09245700452431219,-0.02939930163029611,0.12185630615460831,6.336527920039632
268,0.25,480,362,439,0.3185092523097859,-0.015406242538188451,0.3339154948479743,17.363605732094662
268,0.5,480,362,439,0.6378698300833717,0.0013002901403583204,0.6365695399430132,33.10161607703669
268,0.75,480,362,439,0.7646070756893105,-0.10948007626017434,0.8740871519494848,45.45253190137321
268,1.0,480,362,439,1.0477728933693173,-0.1401157669932879,1.187888660362605,61.77021033885546
269,0.0,480,368,433,0.17854745126566285,0.08350659016313008,0.09504086110253276,4.942124777331704
269,0.25,480,368,433,0.42707181398440225,-0.02130764653526385,0.44837946051966615,23.31573194702264
269,0.5,480,368,433,0.5962299383103334,0.038227447058451235,0.5580024912518823,29.01612954509788
269,0.75,480,368,433,0.8179337451262528,-0.007048779662589306,0.8249825247888422,42.89909128901979
269,1.0,480,368,433,0.9367041287768345,0.06590116318283334,0.8708029655940013,45.28175421088807
270,0.0,480,364,437,0.2332733228717937,0.025101119510764085,0.2081722033610296,10.824954574773539
270,0.25,480,364,437,0.4158159065768981,0.036528709145148275,0.3792871974317498,19.72293426645099
270,0.5,480,364,437,0.5810072169369012,0.025807640408430976,0.5551995765284703,28.870377979480455
270,0.75,480,364,437,0.7824460978587912,0.014470206475262454,0.7679758913835286,39.93474635194349
270,1.0,480,364,437,1.0093701480870398,0.1120329155632396,0.8973372325238002,46.66153609123761
271,0.0,480,366,435,0.16892918884710667,0.07892137719297547,0.09000781165413121,4.6804062060148235
271,0.25,480,366,435,0.4046736968286063,0.02271542750964752,0.38195826931895877,19.861830004585855
271,0.5,480,366,435,0.601993649177095,-0.03439718069822047,0.6363908298753155,33.0923231535164
271,0.75,480,366,435,0.8252858753276413,0.13494888323023158,0.6903369920974097,35.89752358906531
271,1.0,480,366,435,1.0656675415651935,0.08580611641158029,0.9798614251536131,50.95279410798788
272,0.0,480,360,441,0.17745264024283386,0.050740544899224416,0.12671209534360947,6.589028957867693
272,0.25,480,360,441,0.31328212006832734,0.00018498295718479961,0.31309713711114256,16.281051129779414
272,0.5,480,360,441,0.5884245868284949,-0.09861138223807313,0.687035969066568,35.72587039146154
272,0.75,480,360,441,0.8520579134146697,-0.09721552882739537,0.949273442242065,49.36221899658738
272,1.0,480,360,441,1.0866052822646948,0.10367512759054959,0.9829301546741452,51.112368043055554
273,0.0,480,366,435,0.1705184148091868,0.020823174527448855,0.14969524028173795,7.784152494650373
273,0.25,480,366,435,0.40667524611997696,-0.021872034572858,0.42854728069283493,22.284458596027417
273,0.5,480,366,435,0.6231545776582006,-0.058116802153261454,0.6812713798114619,35.42611175019602
273,0.75,480,366,435,0.7868280065023439,-0.03490575922615428,0.821733765728498,42.730155817881894
273,1.0,480,366,435,1.0438146604520036,0.0631166441584272,0.9806980162935762,50.99629684726597
274,0.0,480,368,433,0.23233244837494893,0.059188462413690336,0.17314398596125863,9.003487269985449
274,0.25,480,368,433,0.33010410319774525,-0.07437520526500657,0.4044793084627518,21.032924040063094
274,0.5,480,368,433,0.6297751162046019,0.026410004514695853,0.6033651116899061,31.37498580787512
274,0.75,480,368,433,0.7612913926063365,-0.01468884543472817,0.7759802380410646,40.35097237813536
274,1.0,480,368,433,0.9199278255489953,0.07886052395637708,0.8410673015926182,43.73549968281615
275,0.0,480,364,437,0.17808686033317597,-0.003751260228139851,0.18183812056131582,9.455582269188422
275,0.25,480,364,437,0.38553802509852214,-0.05653266603521536,0.4420706911337375,22.98767593895435
275,0.5,480,364,437,0.5443811990352568,-0.07805566075395604,0.6224368597892128,32.36671670903907
275,0.75,480,364,437,0.7505226692151744,0.00475837873625874,0.7457642904789156,38.77974310490361
275,1.0,480,364,437,0.9333364981394607,-0.004399415440026241,0.9377359135794872,48.762267506133334
276,0.0,480,364,437,0.12902210841158718,-0.013310725357704268,0.14233283376929143,7.401307356003154
276,0.25,480,364,437,0.39373679633575037,-0.024960156222784934,0.4186969525585353,21.772241533043836
276,0.5,480,364,437,0.6166423633528689,0.0022497471977199514,0.614392616155149,31.948416040067745
276,0.75,480,364,437,0.8784550408293068,0.05207465038467508,0.8263803904446317,42.97178030312085
276,1.0,480,364,437,1.0318015757717378,-0.10919941924386829,1.1410009950156061,59.33205174081152
277,0.0,480,358,443,0.10100854091483168,0.001723966405946951,0.09928457450888473,5.162797874462006
277,0.25,480,358,443,0.39562241118627717,-0.01654526158264759,0.41216767276892474,21.43271898398409
277,0.5,480,358,443,0.6074438441447105,-0.0873921384494032,0.6948359825941137,36.13147109489391
277,0.75,480,358,443,0.7668029131984259,-0.02670894090112938,0.7935118540995553,41.26261641317687
277,1.0,480,358,443,0.9938633139873877,0.023733151656153164,0.9701301623312346,50.4467684412242
278,0.0,480,360,441,0.1725089997246779,0.011015692647339799,0.1614933070773381,8.39765196802158
278,0.25,480,360,441,0.39439707225296183,-0.022223114191864634,0.41662018644482646,21.664249695130977
278,0.5,480,360,441,0.5928267313710877,-0.08328020284962763,0.6761069342207153,35.1575605794772
278,0.75,480,360,441,0.7860580894107925,-0.04004161602218292,0.8260997054329753,42.957184682514715
278,1.0,480,360,441,0.983652382935586,-0.04617064006571495,1.0298230230013008,53.55079719606764
279,0.0,480,366,435,0.12580156984250948,0.015887389930169506,0.10991417991234,5.71553735544168
279,0.25,480,366,435,0.26475494960856855,-0.13141050390213876,0.39616545351070726,20.600603582556776
279,0.5,480,366,435,0.6044454685747301,-0.08830570439724283,0.6927511729719729,36.02306099454259
279,0.75,480,366,435,0.7873948569474981,-0.04495815351575463,0.8323530104632526,43.28235654408913
279,1.0,480,366,435,1.0415781072109456,0.009791458468823063,1.0317866487421226,53.65290573459038
280,0.0,480,366,435,0.144703836595839,0.001586693780106797,0.1431171428157322,7.442091426418075
280,0.25,480,366,435,0.3395910694600863,-0.05992276344592175,0.39951383290600806,20.77471931111242
280,0.5,480,366,435,0.5828171961265571,-0.044519405441277936,0.6273366015678351,32.621503281527424
280,0.75,480,366,435,0.7401819608551814,0.07172046025845255,0.6684615005967289,34.7599980310299
280,1.0,480,366,435,1.0094912641459854,-0.038812072848594836,1.0483033369945804,54.51177352371818
281,0.0,480,360,441,0.09826006500515988,0.041230641347859226,0.05702942365730063,2.965530030179633
281,0.25,480,360,441,0.36498537345594956,-0.02384925516848031,0.3888346286244299,20.219400688470355
281,0.5,480,360,441,0.5825858422023225,-0.055148301827656857,0.6377341440299793,33.162175489558926
281,0.75,480,360,441,0.7576718377543772,-0.08729874627063483,0.844970584025012,43.938470369300624
281,1.0,480,360,441,0.9673563553435267,0.05933810688302283,0.9080182484605038,47.2169489199462
282,0.0,480,362,439,0.21920289138550916,0.13492337600075255,0.08427951538475657,4.382534800007342
282,0.25,480,362,439,0.3840430362374489,-0.010824112058596833,0.39486714829604574,20.533091711394377
282,0.5,480,362,439,0.6280071904456899,-0.028943439558305546,0.6569506300039955,34.16143276020777
282,0.75,480,362,439,0.7818066706349759,0.056592988516220896,0.7252136821187548,37.71111147017525
282,1.0,480,362,439,1.0615000461032549,-0.035225991733599894,1.0967260378368549,57.029753967516456
283,0.0,480,361,440,0.14143044078947917,0.002446904658291023,0.13898353613118813,7.227143878821783
283,0.25,480,361,440,0.4371964743934314,-0.03740003977563399,0.47459651416906545,24.679018736791402
283,0.5,480,361,440,0.7148678070643887,-0.0019818248901424694,0.7168496319545312,37.27618086163562
283,0.75,480,361,440,0.7772686841606091,-0.0013199163420121174,0.7785886005026211,40.4866072261363
283,1.0,480,361,440,1.0473478036070751,0.04189117446545031,1.0054566291416247,52.283744715364485
284,0.0,480,364,437,0.01673978956922675,0.015428528895369296,0.0013112606738574619,0.06818555504058801
284,0.25,480,364,437,0.29486101328743797,-0.022004285948436977,0.316865299235875,16.4769955602655
284,0.5,480,364,437,0.5557686316034212,0.001887921301048315,0.553880710302373,28.801796935723395
284,0.75,480,364,437,0.6801649972475492,0.043559382687102924,0.6366056145604462,33.1034919571432
284,1.0,480,364,437,1.001832449183722,0.09228336981400663,0.9095490793697154,47.2965521272252
285,0.0,480,357,444,0.1830767801010748,0.0068301799242124215,0.17624660017686236,9.164823209196843
285,0.25,480,357,444,0.39492073376892267,-0.021655537021489535,0.4165762707904122,21.661966081101436
285,0.5,480,357,444,0.5637178129441988,-0.1545272962267008,0.7182451091708995,37.34874567688677
285,0.75,480,357,444,0.7511150662844643,-0.07953739720775126,0.8306524634922157,43.19392810159521
285,1.0,480,357,444,1.0090112664270832,-0.1799803886342892,1.1889916550613724,61.82756606319136
286,0.0,480,364,437,0.13066028340524122,0.05530533903731274,0.07535494436792847,3.9184571071322805
286,0.25,480,364,437,0.32294171170229286,-0.031222187684478108,0.35416389938677095,18.416522768112088
286,0.5,480,364,437,0.6072983095264671,0.014771560958432916,0.5925267485680341,30.811390925537772
286,0.75,480,364,437,0.778828752384279,-0.0954007090969478,0.8742294614812267,45.45993199702379
286,1.0,480,364,437,0.9912704015705261,-0.0644136552332601,1.0556840568037862,54.895570953796884
287,0.0,480,350,451,0.10236553771972308,0.024823657143735897,0.07754188057598718,4.032177789951334
287,0.25,480,350,451,0.40842494109966865,-0.003090087764803227,0.41151502886447183,21.398781500952534
287,0.5,480,350,451,0.5858014815823871,-0.020577527779615107,0.6063790093620023,31.53170848682412
287,0.75,480,350,451,0.7927594654822984,-0.11013782243628607,0.9028972879185845,46.950658971766394
287,1.0,480,350,451,1.0397819826254526,-0.009841829194697366,1.04962381182015,54.5804382146478
288,0.0,480,362,439,0.1425726618994525,0.09469323893551906,0.04787942296393346,2.4897299941245397
288,0.25,480,362,439,0.3721121314965676,-0.004838977221354694,0.37695110871792226,19.601457653331956
288,0.5,480,362,439,0.6314240684608565,0.000160886555354242,0.6312631819055022,32.82568545908612
288,0.75,480,362,439,0.8076372823433419,0.024616177055657003,0.7830211052876849,40.717097474959616
288,1.0,480,362,439,0.9820264097922962,0.1596550012889434,0.8223714085033528,42.76331324217434
289,0.0,480,357,444,0.11578521184595024,0.06719249402732742,0.04859271781862284,2.5268213265683874
289,0.25,480,357,444,0.40009809432955684,0.0039028340226986355,0.3961952603068582,20.602153535956628
289,0.5,480,357,444,0.6870705028313489,-0.11436581822787029,0.801436321059219,41.67468869507939
289,0.75,480,357,444,0.8233443744649044,-0.05446029900854206,0.8778046734734464,45.64584302061921
289,1.0,480,357,444,0.9458089993780665,-0.014000614412343508,0.95980961379041,49.91009991710132
290,0.0,480,352,449,0.07913311632106002,-0.03845837232667543,0.11759148864773544,6.114757409682243
290,0.25,480,352,449,0.337857690244115,-0.02746331522603299,0.36532100547014806,18.9966922844477
290,0.5,480,352,449,0.5576657387148698,-0.043826442432106164,0.6014921811469759,31.277593419642745
290,0.75,480,352,449,0.7976680448439526,-0.0423985142447957,0.8400665590887483,43.68346107261491
290,1.0,480,352,449,1.0343873618207378,-0.04529512972222287,1.0796824915429606,56.14348956023395
291,0.0,480,356,445,0.14091645858737528,0.03532588394104326,0.10559057464633205,5.490709881609266
291,0.25,480,356,445,0.35580915499112137,-0.0770489445019434,0.4328580994930648,22.50862117363937
291,0.5,480,356,445,0.6220640528232312,0.020362072024736177,0.601701980798495,31.28850300152174
291,0.75,480,356,445,0.7768926125409025,0.069756774873333,0.7071358376675695,36.771063558713614
291,1.0,480,356,445,1.0178587442289435,0.16665992764660026,0.8511988165823434,44.26233846228186
292,0.0,480,358,443,0.16281410714572267,0.0784483315940015,0.0843657755517212,4.387020328689502
292,0.25,480,358,443,0.3338313175272541,0.03640569111425093,0.29742562641300313,15.466132573476163
292,0.5,480,358,443,0.5397269293031791,-0.016284527147650385,0.5560114564508295,28.912595735443134
292,0.75,480,358,443,0.8494405770884499,0.018244595654961514,0.8311959814334884,43.222191034541396
292,1.0,480,358,443,1.070250545025553,-0.0003501189800230211,1.070600664005576,55.67123452828996
293,0.0,480,366,435,0.14392713178971078,0.017814860761368283,0.1261122710283425,6.557838093473809
293,0.25,480,366,435,0.39196327178974777,-0.10133301068531685,0.4932962824750647,25.651406688703364
293,0.5,480,366,435,0.6191602854996512,-0.061369071596569326,0.6805293570962205,35.38752656900347
293,0.75,480,366,435,0.874471166204026,-0.05839029019638199,0.932861456400408,48.50879573282121
293,1.0,480,366,435,1.017503140374875,0.002865016643320642,1.0146381237315543,52.76118243404082
294,0.0,480,369,432,0.11898791585007755,0.021983525762676075,0.09700439008740148,5.044228284544877
294,0.25,480,369,432,0.31953213102532413,0.01712309893692447,0.30240903208839964,15.72526966859678
294,0.5,480,369,432,0.5908676565656009,-0.010077393710983904,0.6009450502765848,31.24914261438241
294,0.75,480,369,432,0.8363369388562286,-0.03592346595543205,0.8722604048116608,45.35754105020636
294,1.0,480,369,432,1.0302750788928972,0.02390841900096816,1.0063666598919292,52.331066314380315
295,0.0,480,359,442,0.16595719507143486,0.08038470837306591,0.08557248669836894,4.449769308315185
295,0.25,480,359,442,0.4264145496444233,0.1074789957106586,0.31893555393376477,16.58464880455577
295,0.5,480,359,442,0.6131204054430276,-0.02866739026992589,0.6417877957129535,33.372965377073584
295,0.75,480,359,442,0.8493112604744419,-0.0005236916363044657,0.8498349521107464,44.191417509758814
295,1.0,480,359,442,0.9701311737706193,0.06589069580556149,0.9042404779650578,47.020504854183
296,0.0,480,359,442,0.136537025851756,0.009045015197732778,0.12749201065402324,6.629584554009209
296,0.25,480,359,442,0.4461682813367567,-0.000562347270938105,0.4467306286076947,23.229992687600124
296,0.5,480,359,442,0.5749048259059542,-0.05784056496400077,0.632745390869955,32.90276032523766
296,0.75,480,359,442,0.8313099402544476,-0.05249938330100125,0.883809323555449,45.95808482488334
296,1.0,480,359,442,1.008220654430211,-0.08101577590353251,1.0892364303337438,56.64029437735468
297,0.0,480,355,446,0.17379166556806272,0.003932819079848336,0.1698588464882144,8.832660017387148
297,0.25,480,355,446,0.34608164147968523,-0.012375006914393845,0.35845664839407904,18.63974571649211
297,0.5,480,355,446,0.6506007167021951,-0.013336576560450144,0.6639372932626452,34.52473924965755
297,0.75,480,355,446,0.8734730884617415,-0.14220698603019533,1.015680074491937,52.81536387358072
297,1.0,480,355,446,1.0460588742777022,0.05678712498100352,0.9892717492966986,51.442130963428326
298,0.0,480,361,440,0.11375487629383813,0.01705249348126155,0.09670238281257655,5.028523906253981
298,0.25,480,361,440,0.3829460682899218,0.06939773302258291,0.31354833526733883,16.30451343390162
298,0.5,480,361,440,0.6079862024674569,0.02414569136707956,0.5838405111003774,30.359706577219622
298,0.75,480,361,440,0.7737936127656887,0.09371902671092804,0.6800745860547608,35.36387847484756
298,1.0,480,361,440,0.9541688812984954,0.14054536932158418,0.8136235119769113,42.308422622799384
299,0.0,480,352,449,0.1965083744122942,0.0915558137645872,0.104952560647707,5.457533153680764
299,0.25,480,352,449,0.35268093583200305,-0.005583809446216732,0.3582647452782198,18.62976675446743
299,0.5,480,352,449,0.5946273737712436,0.04873925617710896,0.5458881175941347,28.386182114895004
299,0.75,480,352,449,0.8153840410954638,-0.07278861479975797,0.8881726558952217,46.184978106551526
299,1.0,480,352,449,0.9995479507998435,0.038687907602092696,0.9608600431977509,49.964722246283046
300,0.0,480,356,445,0.10005331469021632,0.07044439095378514,0.029608923736431175,1.5396640342944212
300,0.25,480,356,445,0.39502833532765164,0.07988231259011767,0.31514602273753395,16.387593182351765
300,0.5,480,356,445,0.5609029475635714,0.015619618805658264,0.5452833287579131,28.35473309541148
300,0.75,480,356,445,0.8729978322327886,-0.06821460652562573,0.9412124387584143,48.94304681543755
300,1.0,480,356,445,1.0256883595225614,-0.008874688890577995,1.0345630484131396,53.797278517483264
301,0.0,480,363,438,0.1925312318613886,0.06617960034656138,0.1263516315148272,6.570284838771014
301,0.25,480,363,438,0.32683332063717435,-0.0445281099093636,0.37136143054653803,19.31079438841998
301,0.5,480,363,438,0.6165990725082218,-0.06210266274296507,0.6787017352511868,35.29249023306171
301,0.75,480,363,438,0.8423632083148045,-0.1089688949949918,0.9513321033097962,49.4692693721094
301,1.0,480,363,438,1.096551594966147,-0.08679875390946575,1.1833503488756132,61.53421814153189
302,0.0,480,355,446,0.07418681899771772,0.03396329321993446,0.040223525777783264,2.0916233404447295
302,0.25,480,355,446,0.3997241960756275,-0.06540444750108401,0.4651286435767114,24.186689465988994
302,0.5,480,355,446,0.5787530816085754,-0.06522558181177197,0.6439786634203475,33.48689049785807
302,0.75,480,355,446,0.7830117394063106,-0.08972655604638423,0.872738295452695,45.38239136354014
302,1.0,480,355,446,1.0029203316528643,-0.05055217915343085,1.0534725108062952,54.78057056192735
303,0.0,480,355,446,0.08684465473906172,0.03789782314514152,0.04894683159392019,2.54523524288385
303,0.25,480,355,446,0.3933921120572524,-0.04967868429429197,0.44307079635154434,23.039681410280306
303,0.5,480,355,446,0.605483555844453,-0.043477828843695054,0.6489613846881478,33.745992003783684
303,0.75,480,355,446,0.7997584784316206,-0.06935481435798552,0.8691132927896063,45.193891225059524
303,1.0,480,355,446,0.9966908442282598,0.019047722994482354,0.9776431212337776,50.83744230415643
304,0.0,480,359,442,0.16527069904065173,0.05220586142281128,0.11306483761784043,5.879371556127703
304,0.25,480,359,442,0.39065176362666354,0.03397002346453161,0.35668174016213194,18.54745048843086
304,0.5,480,359,442,0.5913596278616634,-0.028642507380302662,0.6200021352419661,32.24011103258224
304,0.75,480,359,442,0.8910662502783482,0.017416278946590355,0.8736499713317577,45.4297985092514
304,1.0,480,359,442,0.9933568095593353,0.009185819545193548,0.9841709900141417,51.176891480735364
305,0.0,480,349,452,0.16460842243143567,0.039499480272774674,0.125108942158661,6.505664992250372
305,0.25,480,349,452,0.39340349922130124,-0.018729458354511935,0.4121329575758131,21.43091379394228
305,0.5,480,349,452,0.6014667274687876,-0.032395683997061046,0.6338624114658488,32.96084539622414
305,0.75,480,349,452,0.8857279059451968,-0.028188210615526867,0.9139161165607237,47.523638061157634
305,1.0,480,349,452,1.073773346583836,0.10964103812897684,0.9641323084548592,50.13488003965268
306,0.0,480,372,429,0.07766730817002357,0.0016872822981335368,0.07598002587189003,3.9509613453382815
306,0.25,480,372,429,0.32522129462363764,-0.03857917064900056,0.36380046527263826,18.91762419417719
306,0.5,480,372,429,0.5500772111632131,-0.048803691866423214,0.5988809030296361,31.14180695754108
306,0.75,480,372,429,0.7754364516859275,-0.0820964496075553,0.8575329012934828,44.591710867261106
306,1.0,480,372,429,0.9813647276204446,0.09529314045836342,0.8860715871620811,46.075722532428216
307,0.0,480,359,442,0.12271367660440305,0.03256087434412358,0.09015280226027948,4.687945717534533
307,0.25,480,359,442,0.43736359093213806,-0.06823030245516191,0.5055938933873,26.2908824561396
307,0.5,480,359,442,0.5772929700299249,0.03439747924158745,0.5428954907883373,28.23056552099354
307,0.75,480,359,442,0.7614323715328315,-0.07237341018657953,0.833805781719411,43.35790064940937
307,1.0,480,359,442,0.9613411032713381,0.0939085752377911,0.8674325280335471,45.10649145774445
308,0.0,480,350,451,0.1187520037350957,-0.03813700929038966,0.15688901302548536,8.158228677325239
308,0.25,480,350,451,0.3219742466655412,-0.005501322761453657,0.3274755694269949,17.028729610203737
308,0.5,480,350,451,0.5674730518814689,-0.0052370074815436575,0.5727100593630124,29.780923086876648
308,0.75,480,350,451,0.714656510273292,-0.10419592448001211,0.8188524347533042,42.58032660717181
308,1.0,480,350,451,0.9464903698820012,0.028499904278913225,0.9179904656030881,47.73550421136058
309,0.0,480,361,440,0.15412506816773963,0.058134030596873935,0.0959910375708657,4.991533953685017
309,0.25,480,361,440,0.46626604213877015,-0.025149413562491445,0.4914154557012616,25.553603696465604
309,0.5,480,361,440,0.46273939060130004,-0.01298284709963026,0.4757222377009303,24.737556360448377
309,0.75,480,361,440,0.7554315102609203,-0.006730909548674407,0.7621624198095946,39.63244583009892
309,1.0,480,361,440,0.9502367277986172,-0.03747103037177802,0.9877077581703951,51.36080342486055
310,0.0,480,367,434,0.14244286278698848,0.04018184114734175,0.10226102163964668,5.317573125261627
310,0.25,480,367,434,0.3763415165717598,-0.010204225020025045,0.38654574159178484,20.10037856277281
310,0.5,480,367,434,0.5091050889453551,0.12305136187714409,0.38605372706821106,20.074793807546975
310,0.75,480,367,434,0.8509771779281639,0.10318992923014912,0.7477872486980147,38.88493693229677
310,1.0,480,367,434,1.0230344035923686,0.0509774433808273,0.9720569602115414,50.546961931000155
311,0.0,480,363,438,0.11944144465375182,0.026659547242072933,0.0927818974116789,4.824658665407303
311,0.25,480,363,438,0.3259894893984507,-0.032245809936645435,0.3582352993350961,18.628235565424998
311,0.5,480,363,438,0.5606306962050611,-0.011852351363271335,0.5724830475683325,29.769118473553288
311,0.75,480,363,438,0.7801324964383272,0.09737525536723707,0.6827572410710899,35.503376535696674
311,1.0,480,363,438,1.0926396035516917,0.03590381892136864,1.0567357846303231,54.9502608007768
312,0.0,480,357,444,0.10577088517432065,0.025098293169973803,0.08067259200434686,4.194974784226036
312,0.25,480,357,444,0.34794404909469084,0.01603616818180856,0.33190788091288226,17.259209807469876
312,0.5,480,357,444,0.5641161322761887,-0.06681369944213718,0.630929831718326,32.80835124935295
312,0.75,480,357,444,0.7400578087999198,-0.09536887375604028,0.8354266825559602,43.44218749290993
312,1.0,480,357,444,0.995791064572001,-0.03896376677217894,1.03475483134418,53.80725122989735
313,0.0,480,363,438,0.22429788927154706,0.05539149228861094,0.1689063969829361,8.783132643112678
313,0.25,480,363,438,0.32858113591276333,0.005389979373401802,0.3231911565393616,16.805940140046804
313,0.5,480,363,438,0.5935239553085284,0.019220360970237237,0.5743035943382911,29.86378690559114
313,0.75,480,363,438,0.7305002526970106,-0.03809997364113369,0.7686002263381441,39.96721176958349
313,1.0,480,363,438,1.0335039153222274,0.007654956770655823,1.0258489585515715,53.34414584468172
314,0.0,480,356,445,0.17470619697142742,0.03140953641750562,0.14329666055392176,7.451426348803931
314,0.25,480,356,445,0.3347693947480181,-0.08591158059028034,0.42068097533829846,21.87541071759152
314,0.5,480,356,445,0.5540416836076719,-0.021648747490654006,0.5756904310983261,29.935902417112956
314,0.75,480,356,445,0.7078788182800022,-0.014014238920768932,0.7218930572007711,37.5384389744401
314,1.0,480,356,445,0.9462338114051431,-0.010914738916648443,0.9571485503217915,49.77172461673316
315,0.0,480,352,449,0.12538175945010863,0.04668901760417063,0.07869274184593801,4.092022575988777
315,0.25,480,352,449,0.3898419870431565,0.017562033360101578,0.3722799536830549,19.358557591518853
315,0.5,480,352,449,0.599452821492394,-0.04907442935194706,0.648527250844341,33.723417043905734
315,0.75,480,352,449,0.7892242887477369,-0.050059587998823214,0.83928387674656,43.642761590821124
315,1.0,480,352,449,0.9947633527946337,0.06440003543369112,0.9303633173609425,48.378892502769006
316,0.0,480,357,444,0.13635035680661453,0.04086109929346989,0.09548925751314465,4.965441390683521
316,0.25,480,357,444,0.45319327825714295,-0.02345515789219748,0.47664843614934044,24.785718679765704
316,0.5,480,357,444,0.6099306089194977,0.0405440465292183,0.5693865623902795,29.608101244294534
316,0.75,480,357,444,0.7943690090058949,0.08904516002715802,0.7053238489787369,36.67684014689432
316,1.0,480,357,444,1.0047920948204998,-0.0262205106550266,1.0310126054755264,53.61265548472738
317,0.0,480,355,446,0.08152517964782266,0.018433644547337882,0.06309153510048478,3.2807598252252084
317,0.25,480,355,446,0.3450498826194884,-0.009284600026140021,0.3543344826456284,18.425393097572677
317,0.5,480,355,446,0.651045927109611,0.0129720055307595,0.6380739215788515,33.179843922100275
317,0.75,480,355,446,0.9020024060810392,0.0969823497872986,0.8050200562937406,41.86104292727451
317,1.0,480,355,446,1.0707634920214146,0.04452348576162445,1.0262400062597903,53.36448032550909
318,0.0,480,357,444,0.11389373703389367,0.05399163261270561,0.059902104421188054,3.114909429901779
318,0.25,480,357,444,0.2992558862899224,-0.02796383339917367,0.32721971968909613,17.015425423832998
318,0.5,480,357,444,0.6248311579827459,-0.006447906297858094,0.6312790642806041,32.82651134259142
318,0.75,480,357,444,0.7744887661482295,-0.07312690097148586,0.8476156671197151,44.076014690225186
318,1.0,480,357,444,0.9929708935594513,0.008448089335813617,0.9845228042236378,51.19518581962917
319,0.0,480,357,444,0.17717991323183885,0.052514939850819065,0.12466497338101977,6.482578615813028
319,0.25,480,357,444,0.3792681013732789,-0.02745712644538732,0.40672522781866616,21.14971184657064
319,0.5,480,357,444,0.5888650141168823,0.0009608514732065509,0.5879041626436757,30.57101645747114
319,0.75,480,357,444,0.7852578982445009,0.024215842791678523,0.7610420554528222,39.57418688354676
319,1.0,480,357,444,0.984843803117658,0.11306280023618173,0.8717810028814761,45.332612149836756
320,0.0,480,370,431,0.14224125032190665,-0.01920890402692488,0.16145015434883156,8.395408026139242
320,0.25,480,370,431,0.28868450967766085,-0.0028998043783547887,0.29158431405601565,15.162384330912813
320,0.5,480,370,431,0.6403432193674118,0.012795650107616853,0.627547569259795,32.63247360150934
320,0.75,480,370,431,0.8674646955918359,-0.13233796370844916,0.999802659300285,51.98973828361482
320,1.0,480,370,431,1.0810240834166194,0.07025512846045472,1.0107689549561645,52.55998565772055
321,0.0,480,366,435,0.1272551247976507,0.06100095931799675,0.06625416547965393,3.4452166049420043
321,0.25,480,366,435,0.3757771357888435,-0.017739305077544995,0.3935164408663885,20.462854925052202
321,0.5,480,366,435,0.6210461972650153,-0.04233594466739492,0.6633821419324103,34.49587138048533
321,0.75,480,366,435,0.7622221532826247,-0.12164718463177816,0.8838693379144027,45.96120557154894
321,1.0,480,366,435,0.993048515240534,0.03152986140987842,0.9615186538306557,49.998969999194095
322,0.0,480,363,438,0.1213359180187688,0.001077620481004732,0.12025829753776406,6.253431471963731
322,0.25,480,363,438,0.34379834256535097,0.0041022272702036745,0.3396961152951473,17.66419799534766
322,0.5,480,363,438,0.5920629985275173,0.04530033579963636,0.5467626627278809,28.431658461849807
322,0.75,480,363,438,0.7712110224088996,0.024388831883200825,0.7468221905256989,38.83475390733634
322,1.0,480,363,438,0.9858628513895474,0.013535916701929843,0.9723269346876176,50.56100060375611
323,0.0,480,370,431,0.23401158554130416,0.06649891069964033,0.16751267484166385,8.71065909176652
323,0.25,480,370,431,0.17081241788769863,-0.09763800307385345,0.26845042096155214,13.959421890000712
323,0.5,480,370,431,0.3621909981475449,0.021913178331047316,0.34027781981649763,17.694446630457875
323,0.75,480,370,431,0.5760005567230498,-0.06567258122389315,0.6416731379469431,33.367003173241045
323,1.0,480,370,431,0.8342785410068391,-0.044050114660938784,0.8783286556677777,45.673090094724444
324,0.0,480,365,436,0.17182584976370238,0.02173971190169477,0.15008613786200758,7.804479168824394
324,0.25,480,365,436,0.3783498565420666,-0.053468276876643996,0.43181813341871056,22.45454293777295
324,0.5,480,365,436,0.6369918393774862,0.01711089700981154,0.6198809423676745,32.23380900311908
324,0.75,480,365,436,0.8034040729379407,-0.022572120315240737,0.8259761932531814,42.950762049165434
324,1.0,480,365,436,0.9370554558504105,0.009555763022012321,0.9274996928283982,48.2299840270767
325,0.0,480,359,442,0.19062749553173425,0.06293588812092803,0.12769160741080623,6.639963585361924
325,0.25,480,359,442,0.4447223895997688,0.012936051983923289,0.4317863376158455,22.452889556023965
325,0.5,480,359,442,0.5978712143308983,-0.10200392810449244,0.6998751424353907,36.39350740664032
325,0.75,480,359,442,0.8594093423054898,-0.09411257690054516,0.9535219192060351,49.58313979871383
325,1.0,480,359,442,1.048911624637679,-0.00016547874630579916,1.0490771033839847,54.55200937596721
326,0.0,480,352,449,0.12738546534164527,0.045934564277461704,0.08145090106418357,4.235446855337545
326,0.25,480,352,449,0.34149512050226566,0.007554367540470804,0.33394075296179493,17.364919154013336
326,0.5,480,352,449,0.6232923682446486,-0.04008435571818446,0.663376723962833,34.495589646067316
326,0.75,480,352,449,0.8361346332311768,-0.08627795845696755,0.9224125916881444,47.965454767783505
326,1.0,480,352,449,0.974730765067147,0.043357010284466944,0.9313737547826798,48.43143524869935
327,0.0,480,372,429,0.17468659690863003,0.010538112482519903,0.16414848442611013,8.535721190157727
327,0.25,480,372,429,0.3843117513853391,-0.02962183886022995,0.41393359024556897,21.524546692769587
327,0.5,480,372,429,0.6422205902559114,-0.07456682532279986,0.7167874155787113,37.27294561009299
327,0.75,480,372,429,0.7677312910809206,-0.09976971869277554,0.8675010097736962,45.1100525082322
327,1.0,480,372,429,1.0459555735505732,-0.09035968465757137,1.1363152582081446,59.08839342682352
328,0.0,480,373,428,0.12464952887873836,-0.006270826907417613,0.130920355786156,6.807858500880111
328,0.25,480,373,428,0.32293709879956106,-0.014838337775357134,0.3377754365749182,17.564322701895748
328,0.5,480,373,428,0.5513294978196426,-0.023247025031940396,0.574576522851583,29.877979188282318
328,0.75,480,373,428,0.7059545230929357,0.026377612387369045,0.6795769107055668,35.33799935668947
328,1.0,480,373,428,0.9279816382255912,0.11465059561240934,0.8133310426131818,42.293214215885456
329,0.0,480,353,448,0.18716291952187097,0.0984285868255252,0.08873433269634577,4.61418530020998
329,0.25,480,353,448,0.26837193071065774,-0.03397124815436215,0.3023431788650199,15.721845300981034
329,0.5,480,353,448,0.6777122921388299,-0.08339621152759975,0.7611085036664296,39.57764219065434
329,0.75,480,353,448,0.8114403501575312,-0.04307600417711883,0.85451635433465,44.4348504254018
329,1.0,480,353,448,1.0267733705247628,-0.03935043065682848,1.0661238011815912,55.43843766144274
330,0.0,480,361,440,0.131865387106313,0.07566101111079042,0.056204375995522575,2.922627551767174
330,0.25,480,361,440,0.3377222444169891,-0.036982995631647565,0.3747052400486367,19.48467248252911
330,0.5,480,361,440,0.5779802831623547,-0.0274008722412588,0.6053811554036137,31.479820080987913
330,0.75,480,361,440,0.7484653377822528,-0.04254589068094289,0.7910112284631957,41.13258388008618
330,1.0,480,361,440,0.9691973359343853,-0.008113305087115693,0.977310641021501,50.82015333311805
331,0.0,480,356,445,0.14417817423177653,0.033782065187572395,0.11039610904420413,5.740597670298615
331,0.25,480,356,445,0.3200589817303438,-0.06712061907251717,0.38717960080286096,20.13333924174877
331,0.5,480,356,445,0.58210399055537,-0.008813815381634454,0.5909178059370044,30.727725908724228
331,0.75,480,356,445,0.7567086857570183,-0.008660145504737494,0.7653688312617558,39.799179225611304
331,1.0,480,356,445,1.053422776854061,0.04082938613040286,1.0125933907236582,52.65485631763023
332,0.0,480,345,456,0.1157290473452576,0.08585782512627534,0.029871222218982283,1.5533035553870786
332,0.25,480,345,456,0.41909625256161837,0.025352357708319114,0.39374389485329925,20.47468253237156
332,0.5,480,345,456,0.6589193463836883,-0.08230388457575037,0.7412232309594387,38.54360800989081
332,0.75,480,345,456,0.8084530100996857,0.009595220184605594,0.7988577899150802,41.54060507558417
332,1.0,480,345,456,0.9756061776799952,0.060298545992471,0.9153076316875243,47.59599684775126
333,0.0,480,365,436,0.14116339858152724,0.048405809698647176,0.09275758888288005,4.823394621909762
333,0.25,480,365,436,0.36842941261222834,0.024924652931393735,0.34350475968083455,17.862247503403395
333,0.5,480,365,436,0.6040602215107825,0.11553158087075738,0.48852864064002527,25.403489313281312
333,0.75,480,365,436,0.8870026892845371,0.09377764421596115,0.7932250450685759,41.24770234356595
333,1.0,480,365,436,1.078259931288134,0.01602447276934784,1.062235458518786,55.236243842976876
334,0.0,480,366,435,0.09710269780693045,0.060256358478962734,0.036846339327967714,1.9160096450543211
334,0.25,480,366,435,0.3652931892552315,-0.006078180008403693,0.3713713692636352,19.311311201709028
334,0.5,480,366,435,0.5949390288254213,-0.04432528957962001,0.6392643184050413,33.24174455706215
334,0.75,480,366,435,0.8156139191816459,-0.033531603638133546,0.8491455228197794,44.15556718662853
334,1.0,480,366,435,0.9749856991133035,-0.08268825258942915,1.0576739517027325,54.99904548854209
335,0.0,480,373,428,0.13921044067458968,0.06522705001705338,0.07398339065753631,3.8471363141918884
335,0.25,480,373,428,0.3491213076874139,-0.03172541498738122,0.3808467226747951,19.804029579089345
335,0.5,480,373,428,0.5595160453342184,-0.040987238016942984,0.6005032833511612,31.226170734260382
335,0.75,480,373,428,0.7697643918999717,-0.06496985148632808,0.8347342433862998,43.406180656087585
335,1.0,480,373,428,0.9186067327272508,0.07631277670050113,0.8422939560267496,43.79928571339098
336,0.0,480,360,441,0.11987168547507236,0.06612945194692413,0.053742233528148234,2.7945961434637083
336,0.25,480,360,441,0.27193646672614574,-0.06909523544466716,0.34103170217081297,17.733648512882276
336,0.5,480,360,441,0.5722015082233759,-0.04099546827387631,0.6131969764972522,31.886242777857117
336,0.75,480,360,441,0.7889673489736169,-0.05056590237837545,0.8395332513519925,43.655729070303614
336,1.0,480,360,441,0.9821984733823637,-0.015188769603300989,0.9973872429856647,51.86413663525457
337,0.0,480,366,435,0.1869433273531381,0.044893485400258434,0.14204984195287965,7.3865917815497415
337,0.25,480,366,435,0.39022908553123237,-0.01982113020174613,0.4100502157329785,21.322611218114883
337,0.5,480,366,435,0.5535335842965977,-0.05178849974729947,0.6053220840438972,31.476748370282653
337,0.75,480,366,435,0.8159286015233161,0.04581638344525563,0.7701122180780605,40.04583534005915
337,1.0,480,366,435,1.008339215932848,0.056221111727767,0.9521181042050808,49.510141418664205
338,0.0,480,355,446,0.12271868450246887,0.03467031556359302,0.08804836893887585,4.578515184821544
338,0.25,480,355,446,0.33807932759536247,-0.08226026953829499,0.4203395971336574,21.857659050950186
338,0.5,480,355,446,0.591258043470434,-0.105331832147707,0.696589875618141,36.22267353214333
338,0.75,480,355,446,0.780151166056493,0.06515917198633343,0.7149919940701596,37.1795836916483
338,1.0,480,355,446,1.021574151747786,0.051069011239929456,0.9705051405078566,50.46626730640855
339,0.0,480,361,440,0.068508105209601,0.009598030895720313,0.05891007431388069,3.063323864321796
339,0.25,480,361,440,0.35781620344951237,-0.09592715651035126,0.4537433599598636,23.594654717912906
339,0.5,480,361,440,0.6777077418725019,-0.04160573223096028,0.7193134741034622,37.404300653380034
339,0.75,480,361,440,0.8183988753038282,0.010434622998628126,0.8079642523051999,42.014141119870395
339,1.0,480,361,440,0.9948177033830867,0.021326099066726854,0.9734916043163598,50.62156342445071
340,0.0,480,355,446,0.11289397546849148,-0.024511851978906353,0.13740582744739785,7.145103027264688
340,0.25,480,355,446,0.3689147016039046,-0.035742170848643395,0.404656872452548,21.042157367532496
340,0.5,480,355,446,0.5488978975619946,0.04262041261097443,0.5062774849510202,26.32642921745305
340,0.75,480,355,446,0.7250870123724352,0.0024788090425928422,0.7226082033298424,37.57562657315181
340,1.0,480,355,446,0.973086477976534,0.07640260347648209,0.8966838745000519,46.627561474002704
341,0.0,480,352,449,0.0778374866020588,0.02256665486674815,0.05527083173531065,2.8740832502361537
341,0.25,480,352,449,0.4044551456124234,0.012085639786016279,0.3923695058264071,20.40321430297317
341,0.5,480,352,449,0.5894896703326478,0.04809553950012297,0.5413941308325247,28.152494803291287
341,0.75,480,352,449,0.8313654885613718,-0.020031746908505253,0.8513972354698771,44.27265624443361
341,1.0,480,352,449,0.9728414099112798,0.05377684603484587,0.9190645638764341,47.79135732157457
342,0.0,480,379,422,0.15200242241060197,0.07585468079496259,0.07614774161563939,3.9596825640132485
342,0.25,480,379,422,0.34053655770418934,-0.040557410647524605,0.38109396835171394,19.816886354289124
342,0.5,480,379,422,0.5878619544077639,-0.06174106149009566,0.6496030158978594,33.77935682668869
342,0.75,480,379,422,0.8072755028655888,0.03271454515911612,0.7745609577064726,40.27716980073657
342,1.0,480,379,422,1.0468010365546239,0.0611427360464588,0.9856583005081652,51.25423162642459
343,0.0,480,367,434,0.1428278421319697,0.045027676425860835,0.09780016570610886,5.085608616717661
343,0.25,480,367,434,0.3679836583355757,-0.039196781782763424,0.40718044011833904,21.17338288615363
343,0.5,480,367,434,0.5272414566603918,0.014102447065467835,0.513139009594924,26.683228498936046
343,0.75,480,367,434,0.7660869933100853,0.08953369347562701,0.6765532998344583,35.18077159139183
343,1.0,480,367,434,0.9521647448712556,0.0046210082256043904,0.9475437366456512,49.27227430557386
344,0.0,480,357,444,0.12653301827253607,0.050506844852779745,0.07602617341975633,3.953361017827329
344,0.25,480,357,444,0.30018423761479096,0.003900519210265709,0.2962837184045253,15.406753357035313
344,0.5,480,357,444,0.44157146931199637,-0.134399507179229,0.5759709764912254,29.95049077754372
344,0.75,480,357,444,0.7726003003442442,-0.0699181595359846,0.8425184598802289,43.8109599137719
344,1.0,480,357,444,0.960191339933612,-0.01499212356788211,0.9751834635014942,50.709540102077696
345,0.0,480,355,446,0.05881454735434241,0.024109086987042547,0.034705460367299865,1.804683939099593
345,0.25,480,355,446,0.3884556008208008,-0.0005619773156010241,0.38901757813640186,20.228914063092898
345,0.5,480,355,446,0.6021689281061438,0.04140188312167192,0.5607670449844718,29.159886339192536
345,0.75,480,355,446,0.8723178978517573,-0.037192449163224874,0.9095103470149822,47.294538044779074
345,1.0,480,355,446,1.0630783449671963,0.04992451468759065,1.0131538302796057,52.683999174539494
346,0.0,480,359,442,0.15366850842259183,0.06756984900496661,0.08609865941762522,4.477130289716511
346,0.25,480,359,442,0.3906872520840864,0.06550872899467514,0.3251785230894113,16.909283200649387
346,0.5,480,359,442,0.5696774054891791,0.014175469070036934,0.5555019364191421,28.88610069379539
346,0.75,480,359,442,0.7988373160383955,-0.03190087821899357,0.8307381942573889,43.19838610138422
346,1.0,480,359,442,1.004445950327535,0.051544163036799547,0.9529017872907355,49.55089293911824
347,0.0,480,358,443,0.11298444199828978,0.07240351005676351,0.04058093194152626,2.1102084609593654
347,0.25,480,358,443,0.3309762102431842,-0.04568282542434934,0.3766590356675335,19.58626985471174
347,0.5,480,358,443,0.5696825259096806,-0.07664713768047775,0.6463296635901583,33.60914250668823
347,0.75,480,358,443,0.7054987859201485,-0.022270226372292312,0.7277690122924407,37.84398863920692
347,1.0,480,358,443,1.0058438084377825,-0.11102431287690055,1.1168681213146832,58.07714230836353
348,0.0,480,358,443,0.20572338440564544,0.08743063635317946,0.11829274805246598,6.151222898728231
348,0.25,480,358,443,0.29228638969808773,-0.03998603718424889,0.33227242688233666,17.278166197881507
348,0.5,480,358,443,0.501923386813994,-0.0008201735176526635,0.5027435603316467,26.14266513724563
348,0.75,480,358,443,0.7012197288807075,0.0070508839054473854,0.6941688449752601,36.096779938713524
348,1.0,480,358,443,0.8959195263626623,0.03650477199561976,0.8594147543670425,44.68956722708621
349,0.0,480,366,435,0.18690292144617637,0.08193348466448945,0.10496943678168694,5.458410712647721
349,0.25,480,366,435,0.36326783076648306,0.048460400794176295,0.3148074299723068,16.369986358559956
349,0.5,480,366,435,0.625068380759205,0.02712961238182242,0.5979387683773826,31.092815955623895
349,0.75,480,366,435,0.7996764040177506,-0.020366041867130952,0.8200424458848816,42.64220718601384
349,1.0,480,366,435,1.0960637465313265,0.149992599999019,0.9460711465323076,49.19569961968
350,0.0,480,358,443,0.14512046278581078,0.05022649797861972,0.09489396480719106,4.934486169973935
350,0.25,480,358,443,0.3689730419786028,-0.028153117315787988,0.39712615929439077,20.65056028330832
350,0.5,480,358,443,0.5674958929076643,-0.08661890149013061,0.6541147943977949,34.01396930868533
350,0.75,480,358,443,0.7264703579423343,0.056634788752640074,0.6698355691896943,34.83144959786411
350,1.0,480,358,443,0.9789360896830549,-0.09860767880478181,1.0775437684878368,56.03227596136752
351,0.0,480,353,448,0.19611241338710503,0.04215300306684739,0.15395941032025764,8.005889336653398
351,0.25,480,353,448,0.47365060540881515,-0.05086315896564248,0.5245137643744576,27.274715747471795
351,0.5,480,353,448,0.4999014866669972,-0.03818459967606954,0.5380860863430666,27.980476489839464
351,0.75,480,353,448,0.8134964606892294,0.11794101295995697,0.6955554477292724,36.16888328192216
351,1.0,480,353,448,1.0498297426970455,0.07317126450597702,0.9766584781910685,50.78624086593557
352,0.0,480,359,442,0.16201432072400554,0.07308705094823119,0.08892726977577431,4.624218028340264
352,0.25,480,359,442,0.41431337948584784,-0.051726617229428846,0.46603999671527674,24.23407982919439
352,0.5,480,359,442,0.6627209616568208,-0.0448598575526974,0.7075808192095182,36.79420259889495
352,0.75,480,359,442,0.7760706442362001,-0.01704082078377563,0.7931114650199758,41.24179618103874
352,1.0,480,359,442,1.0564791751018758,-0.0024949516717184877,1.0589741267735944,55.06665459222691
353,0.0,480,369,432,0.15086299205789389,0.03257738247072314,0.11828560958717074,6.150851698532879
353,0.25,480,369,432,0.3213256678199529,-0.0157747522377378,0.33710042005769075,17.52922184299992
353,0.5,480,369,432,0.668861095300787,-0.0906208831849607,0.7594819784857476,39.49306288125888
353,0.75,480,369,432,0.7298606807896482,0.009739204635084722,0.7201214761545635,37.4463167600373
353,1.0,480,369,432,1.049079717374899,0.014095274058604253,1.0349844433162947,53.81919105244732
354,0.0,480,360,441,0.1017461803967712,0.02335890658336586,0.07838727381340534,4.076138238297077
354,0.25,480,360,441,0.39472478652995385,0.01393696839159802,0.3807878181383559,19.800966543194505
354,0.5,480,360,441,0.5982683051669446,0.07018816865380258,0.5280801365131419,27.460167098683378
354,0.75,480,360,441,0.7558150478222534,0.09197195984068862,0.6638430879815648,34.51984057504137
354,1.0,480,360,441,1.0013918207709562,0.04928043288232445,0.9521113878886316,49.50979217020884
355,0.0,480,362,439,0.18646491253705175,0.0750570332392286,0.11140787929782313,5.793209723486803
355,0.25,480,362,439,0.4085184820598408,0.036454515274750895,0.37206396678508996,19.347326272824677
355,0.5,480,362,439,0.49898445893991883,-0.02586969997899343,0.5248541589189123,27.29241626378344
355,0.75,480,362,439,0.7126085208843351,-0.035560861347951556,0.7481693822322867,38.904807876078905
355,1.0,480,362,439,0.9748371323819884,0.06905335014133508,0.9057837822406531,47.10075667651397
356,0.0,480,361,440,0.08961192481780353,0.024456986419158958,0.06515493839864456,3.3880567967295168
356,0.25,480,361,440,0.3310154117611315,0.0024654774005556774,0.3285499343605759,17.084596586749946
356,0.5,480,361,440,0.6036897288677833,-0.02393764851035534,0.6276273773781387,32.63662362366321
356,0.75,480,361,440,0.8204563481715232,0.04704735913827137,0.7734089890332517,40.21726742972909
356,1.0,480,361,440,0.9545830449836857,0.1009846590931952,0.8535983858904905,44.38711606630551
357,0.0,480,361,440,0.187432267499419,0.023445943975755997,0.16398632352366302,8.527288823230476
357,0.25,480,361,440,0.4218600089865575,-0.10506975608265881,0.5269297650692163,27.400347783599248
357,0.5,480,361,440,0.5915048019523916,-0.009151174952104785,0.6006559769044965,31.234110799033814
357,0.75,480,361,440,0.8104126642511039,-0.027485274414415745,0.8378979386655198,43.57069281060703
357,1.0,480,361,440,1.0250418614023544,-0.0012843215460716316,1.0263261829484263,53.36896151331817
358,0.0,480,362,439,0.11679034156179889,0.02617543112132108,0.09061491044047781,4.7119753429048465
358,0.25,480,362,439,0.3956348367947555,-0.014713417610611536,0.41034825440536704,21.338109229079087
358,0.5,480,362,439,0.5982503366208449,-0.055792224718326566,0.6540425613391716,34.01021318963692
358,0.75,480,362,439,0.8135881667866707,0.04905492601406821,0.7645332407726027,39.75572852017534
358,1.0,480,362,439,0.9542517234448504,0.07537113023951475,0.8788805932053356,45.701790846677454
359,0.0,480,369,432,0.15452263058684348,0.06517710333144656,0.08934552725539692,4.64596741728064
359,0.25,480,369,432,0.36569969927530294,-0.008272769362004991,0.37397246863730793,19.446568369140014
359,0.5,480,369,432,0.5982640295446556,0.048489318268061195,0.5497747112765945,28.588284986382913
359,0.75,480,369,432,0.7485578409362269,0.0956792493325047,0.6528785916037223,33.94968676339356
359,1.0,480,369,432,0.9669682687815729,0.07304244223711576,0.8939258265444572,46.48414298031177
360,0.0,480,355,446,0.11235153334480859,0.046998765417657316,0.06535276792715128,3.3983439322118665
360,0.25,480,355,446,0.35243869915145987,-0.05741930904829546,0.4098580081997553,21.312616426387276
360,0.5,480,355,446,0.5725785061060332,-0.12254394106236757,0.6951224471684008,36.14636725275684
360,0.75,480,355,446,0.8403714268739408,-0.08121175861565832,0.9215831854895993,47.92232564545916
360,1.0,480,355,446,1.0106026601672842,-0.04031539599119808,1.0509180561584823,54.64773892024108
361,0.0,480,369,432,0.12834214178337372,0.01887146704952285,0.10947067473385087,5.692475086160245
361,0.25,480,369,432,0.375559435048628,-0.009727968277699946,0.38528740332632794,20.034944972969054
361,0.5,480,369,432,0.600121107013607,0.03631180458928177,0.5638093024243251,29.318083726064906
361,0.75,480,369,432,0.8624250042023941,0.08149250777136585,0.7809324964310282,40.60848981441347
361,1.0,480,369,432,1.040712429126982,0.05358792315318709,0.987124505973795,51.33047431063734
362,0.0,480,362,439,0.148314074799129,-0.011822099427177124,0.16013617422630613,8.327081059767918
362,0.25,480,362,439,0.38125008057796844,-0.002839309841630067,0.3840893904195985,19.97264830181912
362,0.5,480,362,439,0.622951238510719,-0.028724266534076157,0.6516755050447952,33.88712626232935
362,0.75,480,362,439,0.8414597131613369,0.09026485198597636,0.7511948611753605,39.06213278111875
362,1.0,480,362,439,0.9837686673107285,-0.06667854384631083,1.0504472111570395,54.62325498016605
363,0.0,480,357,444,0.15693854569740034,0.029663594034522515,0.12727495166287783,6.618297486469647
363,0.25,480,357,444,0.34302873725138244,-0.02980533271646679,0.37283406996784924,19.387371638328162
363,0.5,480,357,444,0.6890619427722346,-0.023729420086947225,0.7127913628591818,37.06515086867745
363,0.75,480,357,444,0.7224495651607767,-0.007047351386681921,0.7294969165474586,37.93383966046785
363,1.0,480,357,444,0.9629904999638221,0.048629411779712965,0.9143610881841092,47.54677658557368
364,0.0,480,356,445,0.12456939991456784,0.00482088729923339,0.11974851261533445,6.226922655997392
364,0.25,480,356,445,0.39416835155042057,0.008655010410913733,0.3855133411395068,20.046693739254355
364,0.5,480,356,445,0.591946054369348,-0.010679665832808256,0.6026257202021561,31.336537450512118
364,0.75,480,356,445,0.6874012398676647,0.02694009927579895,0.6604611405918658,34.34397931077702
364,1.0,480,356,445,0.9183029405542296,-0.03244990748730057,0.9507528480415302,49.43914809815957
365,0.0,480,367,434,0.11690872140594569,0.039132108753964355,0.07777661265198133,4.0443838579030285
365,0.25,480,367,434,0.43559511270708134,0.033515793719405995,0.40207931898767535,20.90812458735912
365,0.5,480,367,434,0.561938959367554,0.017907869307674386,0.5440310900598796,28.28961668311374
365,0.75,480,367,434,0.7462233842145394,0.01818678841338822,0.7280365958011511,37.857902981659855
365,1.0,480,367,434,1.078875071703035,0.07274324858817742,1.0061318231148577,52.3188548019726
366,0.0,480,373,428,0.22518368201112723,0.08644387549193282,0.13873980651919443,7.214469938998111
366,0.25,480,373,428,0.32966868257363086,-0.03275532621906723,0.362424008792698,18.846048457220295
366,0.5,480,373,428,0.576375243408664,-0.05431653912650837,0.6306917825351722,32.79597269182896
366,0.75,480,373,428,0.8206350472226364,-0.06781848324270937,0.8884535304653458,46.19958358419798
366,1.0,480,373,428,0.9610224619573756,-0.07845690504598396,1.0394793670033595,54.0529270841747
367,0.0,480,372,429,0.13561581695142053,0.02362291914980294,0.11199289780161759,5.8236306856841145
367,0.25,480,372,429,0.3762900393466247,0.019319199562690525,0.3569708397839341,18.562483668764575
367,0.5,480,372,429,0.5841851888203385,0.007984434398494031,0.5762007544218445,29.962439229935914
367,0.75,480,372,429,0.7955910009310712,-0.004404181561445103,0.7999951824925163,41.59974948961085
367,1.0,480,372,429,1.0401606226471367,0.0580630188639114,0.9820976037832254,51.06907539672772
368,0.0,480,365,436,0.13938941636427338,0.07489848356749246,0.06449093279678093,3.3535285054326085
368,0.25,480,365,436,0.37500656936193966,0.0035882863888879826,0.37141828297305174,19.31375071459869
368,0.5,480,365,436,0.5289001406960013,-0.03826540294388337,0.5671655436398847,29.492608269274005
368,0.75,480,365,436,0.8279770499774186,-0.024382555140249503,0.8523596051176682,44.32269946611874
368,1.0,480,365,436,1.0739987362386638,0.03413105299889781,1.039867683239766,54.07311952846783
369,0.0,480,352,449,0.18074840850097662,0.021395094106687655,0.159353314394289,8.286372348503027
369,0.25,480,352,449,0.391408913993766,-0.07768174932239263,0.4690906633161586,24.39271449244025
369,0.5,480,352,449,0.596858367215153,0.03684951079707819,0.5600088564180747,29.120460533739887
369,0.75,480,352,449,0.7677620857848909,0.07554851078133572,0.692213575003555,35.99510590018486
369,1.0,480,352,449,0.9575666089039611,-0.07274768905400239,1.0303142979579636,53.57634349381411
370,0.0,480,369,432,0.17487331181638613,0.026421708561005106,0.148451603255381,7.719483369279812
370,0.25,480,369,432,0.3593794461576544,0.06317335447651919,0.2962060916811352,15.402716767419031
370,0.5,480,369,432,0.5211827675821211,-0.08596089229188188,0.6071436598740029,31.57147031344815
370,0.75,480,369,432,0.7145560252817188,-0.04553674364810857,0.7600927689298274,39.52482398435102
370,1.0,480,369,432,1.0156106210795002,0.05761947714324995,0.9579911439362503,49.81553948468502
371,0.0,480,367,434,0.18509989217996384,-0.014929567840073363,0.2000294600200372,10.401531921041933
371,0.25,480,367,434,0.39371493960746673,-0.006543349256991931,0.4002582888644587,20.813431020951853
371,0.5,480,367,434,0.5654598943993564,0.053999119106832943,0.5114607752925234,26.59596031521122
371,0.75,480,367,434,0.8534579088052454,0.05168093046153075,0.8017769783437148,41.692402873873164
371,1.0,480,367,434,0.9873968376053412,0.011060175985313921,0.9763366616200272,50.76950640424141
372,0.0,480,350,451,0.08867344054355643,0.04603509700127185,0.04263834354228459,2.2171938641987987
372,0.25,480,350,451,0.38530685538078885,-0.04130216667224211,0.4266090220530309,22.18366914675761
372,0.5,480,350,451,0.5361715960092875,-0.06535471285879,0.6015263088680776,31.279368061140033
372,0.75,480,350,451,0.9055064960825563,-0.04295195976424463,0.9484584558468009,49.31983970403365
372,1.0,480,350,451,1.0546527237619123,-0.014378444643926045,1.0690311684058387,55.58962075710361
373,0.0,480,369,432,0.08724752712281775,-0.034127843230207844,0.12137537035302559,6.311519258357331
373,0.25,480,369,432,0.34091981240482416,-0.0077837310147653655,0.34870354341958953,18.132584257818657
373,0.5,480,369,432,0.6102750297152798,-0.00954415865040159,0.6198191883656814,32.230597795015434
373,0.75,480,369,432,0.8508394346235166,0.0376271586133437,0.813212276010173,42.287038352528995
373,1.0,480,369,432,1.0065142383780767,-0.04026288599595977,1.0467771243740367,54.432410467449905
374,0.0,480,363,438,0.1368724248458852,-0.007479131682222709,0.14435155652810788,7.50628093946161
374,0.25,480,363,438,0.41460596699841096,-0.033471310695416166,0.4480772776938271,23.300018440079008
374,0.5,480,363,438,0.4821449595621836,-0.039478025644881655,0.5216229852070653,27.124395230767394
374,0.75,480,363,438,0.8841834261758692,-0.1178644504215926,1.0020478765974619,52.10648958306802
374,1.0,480,363,438,0.9866416066778871,0.018986244344182317,0.9676553623337049,50.31807884135265
375,0.0,480,361,440,0.14505075324711839,0.0848498123726589,0.06020094087445947,3.1304489254718924
375,0.25,480,361,440,0.3939744323610686,-0.03968964171409841,0.4336640740751671,22.55053185190869
375,0.5,480,361,440,0.6526074468651905,0.03533958240584257,0.6172678644593479,32.09792895188609
375,0.75,480,361,440,0.9165124460007078,-0.042795085556043534,0.9593075315567513,49.883991640951066
375,1.0,480,361,440,1.0986799130110763,-0.10773414632876169,1.2064140593398378,62.733531085671565
376,0.0,480,364,437,0.10865606165611204,0.07697933318760655,0.031676728468505486,1.6471898803622853
376,0.25,480,364,437,0.3374932223189579,-0.10950939657014125,0.4470026188890991,23.244136182233152
376,0.5,480,364,437,0.5140281720491923,-0.0425271750859178,0.5565553471351101,28.940878051025727
376,0.75,480,364,437,0.6792354232235955,0.006228710953886749,0.6730067122697088,34.99634903802485
376,1.0,480,364,437,0.9528977768703398,0.03523692569696754,0.9176608511733721,47.71836426101535
377,0.0,480,354,447,0.15857942417966328,0.009349055429525285,0.149230368750138,7.759979175007176
377,0.25,480,354,447,0.37722975718289287,-0.0571280393827556,0.4343577965656485,22.586605421413722
377,0.5,480,354,447,0.5670394583754387,0.07932605813238452,0.48771340024305415,25.361096812638817
377,0.75,480,354,447,0.9050857726163222,0.059753690006351244,0.8453320826099708,43.957268295718485
377,1.0,480,354,447,1.0121142620196144,0.03613745415389742,0.975976807865717,50.750794009017284
378,0.0,480,361,440,0.16540467724227764,0.1236157365849264,0.04178894065735126,2.1730249141822657
378,0.25,480,361,440,0.35969933780492275,-0.036010798725789724,0.39571013653071246,20.576927099597047
378,0.5,480,361,440,0.5789601474872568,0.07128546104985457,0.5076746864374023,26.39908369474492
378,0.75,480,361,440,0.7977753573112073,0.07994624751293994,0.7178291097982674,37.3271137095099
378,1.0,480,361,440,1.050816095775762,0.10578111031402229,0.9450349854617397,49.14181924401046
379,0.0,480,359,442,0.12477791017137015,0.0667905851473561,0.057987325024014054,3.015340901248731
379,0.25,480,359,442,0.2569552083540462,-0.07049285110497683,0.32744805945902306,17.0272990918692
379,0.5,480,359,442,0.6022488464849454,0.022999396478590693,0.5792494500063547,30.120971400330447
379,0.75,480,359,442,0.8128157931435674,0.0015847427700832343,0.8112310503734842,42.18401461942118
379,1.0,480,359,442,0.9951364001691329,0.014081579489472702,0.9810548206796601,51.01485067534232
380,0.0,480,363,438,0.15013407388050096,0.020424195010519952,0.12970987886998103,6.744913701239014
380,0.25,480,363,438,0.39290864758336363,-0.024659959943141848,0.4175686075265055,21.713567591378286
380,0.5,480,363,438,0.5729188659115311,-0.061841731232792574,0.6347605971443238,33.007551051504834
380,0.75,480,363,438,0.7338535561086227,0.0688314804733982,0.6650220756352248,34.58114793303169
380,1.0,480,363,438,1.1248785577478326,0.0527403681197457,1.0721381896280873,55.75118586066054
381,0.0,480,354,447,0.12937747501968136,0.06400260610657445,0.0653748689131069,3.3994931834815585
381,0.25,480,354,447,0.3902519202063899,-0.010923943240202677,0.4011758634465926,20.861144899222815
381,0.5,480,354,447,0.5483579780247841,-0.0031956017831872826,0.5515535798079714,28.680786150014512
381,0.75,480,354,447,0.6589809747792763,0.010609767370081324,0.6483712074091948,33.71530278527813
381,1.0,480,354,447,0.9572129233460107,-0.02763366157341907,0.9848465849194298,51.212022415810345
382,0.0,480,362,439,0.15535261646731668,0.026873556335471466,0.1284790601318452,6.680911126855951
382,0.25,480,362,439,0.3440778319479176,-0.016363988526035482,0.36044182047395307,18.74297466464556
382,0.5,480,362,439,0.6020670112542451,0.03564835822604048,0.5664186530282047,29.453769957466644
382,0.75,480,362,439,0.833480061792582,0.07657894053869202,0.7569011212538901,39.35885830520228
382,1.0,480,362,439,1.0671310859469383,0.0795711413167248,0.9875599446302133,51.353117120771095
383,0.0,480,356,445,0.185989490941284,0.02732351147420519,0.1586659794670788,8.250630932288098
383,0.25,480,356,445,0.417250033865868,-0.03409786033253382,0.4513478941984018,23.470090498316896
383,0.5,480,356,445,0.5713726767097062,-0.008172208093477157,0.5795448848031832,30.136334009765527
383,0.75,480,356,445,0.7415662094811897,-0.013026916113122207,0.7545931255943119,39.23884253090422
383,1.0,480,356,445,0.9775488229888112,-0.08812990598937248,1.0656787289781837,55.41529390686556
384,0.0,480,369,432,0.11706454466784431,0.0417745927950779,0.07528995187276642,3.915077497383854
384,0.25,480,369,432,0.3924783174942628,0.01482633905369545,0.37765197844056736,19.637902878909504
384,0.5,480,369,432,0.6336283676074173,-0.005777184041194851,0.639405551648612,33.24908868572783
384,0.75,480,369,432,0.7854772803407238,0.013089473062635457,0.7723878072780884,40.164165978460595
384,1.0,480,369,432,1.0043003579845529,0.07901497537798287,0.9252853826065698,48.11483989554163
385,0.0,480,362,439,0.10253706061042188,0.035439279671909296,0.06709778093851258,3.489084608802654
385,0.25,480,362,439,0.3761828938428885,0.003922479083445108,0.3722604147594434,19.357541567491054
385,0.5,480,362,439,0.6083212290471066,0.0035258953289661723,0.6047953337181405,31.44935735334331
385,0.75,480,362,439,0.8375791868313014,-0.04865456279464973,0.8862337496259511,46.08415498054946
385,1.0,480,362,439,1.0290375196666155,-0.024723298683529227,1.0537608183501448,54.79556255420753
386,0.0,480,355,446,0.15967873121605283,-0.013806339641644566,0.17348507085769743,9.021223684600267
386,0.25,480,355,446,0.36090495984222065,0.027526182914916007,0.33337877692730455,17.335696400219838
386,0.5,480,355,446,0.535502476295785,-0.08418061423180317,0.6196830905275882,32.22352070743459
386,0.75,480,355,446,0.7529157366411403,0.025223205885758604,0.7276925307553818,37.840011599279855
386,1.0,480,355,446,1.0165007074990473,0.12010307006341617,0.8963976374356311,46.612677146652814
387,0.0,480,376,425,0.12609749776453713,0.06168925067373291,0.06440824709080421,3.349228848721819
387,0.25,480,376,425,0.3852568223442958,0.03553003919649408,0.3497267831478017,18.185792723685687
387,0.5,480,376,425,0.5908302760848096,-0.12996438413716893,0.7207946602219786,37.481322331542884
387,0.75,480,376,425,0.7594157688877623,-0.0220587856870055,0.7814745545747677,40.63667683788792
387,1.0,480,376,425,0.9986164326267574,-0.03611639594495414,1.0347328285717117,53.80610708572901
388,0.0,480,358,443,0.17860647523704667,0.038706491824929204,0.13989998341211746,7.274799137430108
388,0.25,480,358,443,0.35764972620969643,0.009085985412009348,0.34856374079768704,18.125314521479726
388,0.5,480,358,443,0.6126699338498826,-0.10281714220982503,0.7154870760597076,37.2053279551048
388,0.75,480,358,443,0.8201398326008856,0.0390889285636764,0.7810509040372092,40.61464700993488
388,1.0,480,358,443,1.0081252989508347,-0.13083703196937457,1.1389623309202093,59.22604120785088
389,0.0,480,366,435,0.11968002956421872,0.04599636101091631,0.07368366855330244,3.831550764771727
389,0.25,480,366,435,0.40021290980569824,-0.002949150253937066,0.40316206005963534,20.96442712310104
389,0.5,480,366,435,0.6399985964761146,-0.07613507135634044,0.7161336678324549,37.23895072728766
389,0.75,480,366,435,0.8645220159337783,0.04283753846377189,0.8216844774700065,42.727592828440336
389,1.0,480,366,435,1.0959389545726437,-0.003955850167882345,1.099894804740526,57.19452984650735
390,0.0,480,368,433,0.1625052949815498,0.03543038128290184,0.12707491369864796,6.607895512329693
390,0.25,480,368,433,0.3025288585601864,0.04052451290695648,0.2620043456532299,13.624225973967954
390,0.5,480,368,433,0.4924911331892449,-0.04698988386918553,0.5394810170584303,28.053012887038378
390,0.75,480,368,433,0.7822594044159221,-0.04518577086595105,0.827445175281873,43.0271491146574
390,1.0,480,368,433,0.9555479451628411,0.14477936938732217,0.8107685757755191,42.15996594032699
391,0.0,480,358,443,0.1137034651690903,0.04969130223402086,0.06401216293506944,3.3286324726236107
391,0.25,480,358,443,0.3542260117034516,-0.045524446969134595,0.3997504586725862,20.78702385097448
391,0.5,480,358,443,0.5794769725445511,-0.019326576597119147,0.5988035491416702,31.137784555366853
391,0.75,480,358,443,0.760161297657221,-0.03990384621035321,0.8000651438675743,41.60338748111386
391,1.0,480,358,443,0.9654787796797685,-0.00912565299454587,0.9746044326743142,50.67943049906434
392,0.0,480,356,445,0.13160933884872572,-0.01016583382389327,0.141775172672619,7.3723089789761875
392,0.25,480,356,445,0.3069975287520395,0.014220406678078116,0.2927771220739614,15.224410347845993
392,0.5,480,356,445,0.5724441594606919,-0.021645548714401254,0.5940897081750931,30.89266482510484
392,0.75,480,356,445,0.8307072452427754,-0.0865238057401896,0.9172310509829651,47.69601465111418
392,1.0,480,356,445,1.072943776202989,0.016676156913482832,1.0562676192895062,54.92591620305432
393,0.0,480,361,440,0.18369458762472948,0.04773625045778339,0.1359583371669461,7.069833532681198
393,0.25,480,361,440,0.3368393206263585,-0.027966368597652457,0.364805689224011,18.969895839648572
393,0.5,480,361,440,0.547476292247675,-0.05210054824350838,0.5995768404911833,31.177995705541534
393,0.75,480,361,440,0.7723943578043706,-0.13069147463495295,0.9030858324393235,46.96046328684482
393,1.0,480,361,440,1.0369571521569323,-0.1247054689844134,1.1616626211413459,60.40645629934998
394,0.0,480,353,448,0.18344786273612787,0.05228881254790829,0.1311590501882196,6.8202706097874195
394,0.25,480,353,448,0.3229622060682272,0.003952413367743228,0.31900979270048396,16.588509220425166
394,0.5,480,353,448,0.64315037745287,0.02321353749833827,0.6199368399545317,32.23671567763565
394,0.75,480,353,448,0.8491067972358707,-0.11356244060314268,0.9626692378390133,50.05880036762869
394,1.0,480,353,448,1.0244581674787068,0.01606535682452829,1.0083928106541784,52.436426154017276
395,0.0,480,368,433,0.17075934209599397,0.03655003143920068,0.13420931065679328,6.978884154153251
395,0.25,480,368,433,0.3411987738334764,0.018386314678838545,0.32281245915463785,16.78624787604117
395,0.5,480,368,433,0.7136004394424953,-0.06688153591809527,0.7804819753605905,40.585062718750706
395,0.75,480,368,433,0.8201337115665739,0.017839447340715627,0.8022942642258581,41.71930173974462
395,1.0,480,368,433,1.017535892737615,0.019477909599248108,0.9980579831383669,51.89901512319508
396,0.0,480,353,448,0.16187251375580525,0.05931599035991513,0.10255652339589012,5.332939216586286
396,0.25,480,353,448,0.36106840101893883,-0.04445800636822406,0.4055264073871629,21.08737318413247
396,0.5,480,353,448,0.6002572499840119,0.0344037991877532,0.5658534507962587,29.424379441405453
396,0.75,480,353,448,0.8116304470130087,0.005658668261500173,0.8059717787515085,41.91053249507844
396,1.0,480,353,448,0.9813079718846394,0.05138010788386138,0.9299278640007779,48.35624892804045
397,0.0,480,359,442,0.16631063384777325,0.11187946193043177,0.05443117191734147,2.830420939701756
397,0.25,480,359,442,0.34990927983634074,-0.02159328716250863,0.37150256699884937,19.318133483940166
397,0.5,480,359,442,0.6288072513333355,0.06043818784170162,0.568369063491634,29.555191301564967
397,0.75,480,359,442,0.7507846035589388,-0.07657636652965466,0.8273609700885937,43.02277044460687
397,1.0,480,359,442,0.9779478882992835,0.07352611758134271,0.9044217707179406,47.02993207733291
398,0.0,480,361,440,0.23827335935183894,0.051516801489496424,0.1867565578623425,9.71134100884181
398,0.25,480,361,440,0.4329172353154178,0.0250944280444065,0.4078228072710113,21.206785978092586
398,0.5,480,361,440,0.6403083487712484,0.008796145529332616,0.6315122032419157,32.838634568579614
398,0.75,480,361,440,0.8013804289412205,0.044943815217399714,0.7564366137238208,39.33470391363868
398,1.0,480,361,440,1.0216110184963136,-0.007568210044995355,1.029179228541309,53.51731988414807
399,0.0,480,361,440,0.11452762331993512,0.048096793212928333,0.06643083010700679,3.454403165564353
399,0.25,480,361,440,0.38217098165122393,-0.003301777006851319,0.3854727586580752,20.04458345021991
399,0.5,480,361,440,0.589192007365825,-0.018284969736460585,0.6074769771022855,31.58880280931885
399,0.75,480,361,440,0.8281292083859668,-0.07804631987715693,0.9061755282631238,47.121127469682435
399,1.0,480,361,440,1.0272805989054021,-0.024339024937942932,1.051619623843345,54.684220439853945
400,0.0,480,380,421,0.1636279974742671,0.053703595540700366,0.10992440193356671,5.716068900545469
400,0.25,480,380,421,0.3782447750324162,-0.06924248078016498,0.44748725581258114,23.26933730225422
400,0.5,480,380,421,0.5716613538595353,-0.02477549053346345,0.5964368443929987,31.01471590843593
400,0.75,480,380,421,0.8358049910737592,-0.004202206968553434,0.8400071980423126,43.680374298200256
400,1.0,480,380,421,1.0605221413536774,0.0793156668714145,0.9812064744822627,51.02273667307766
401,0.0,480,361,440,0.21253465829854312,0.037613694969390064,0.1749209633291531,9.095890093115962
401,0.25,480,361,440,0.4360949623591862,0.0026422302139073707,0.43345273214527885,22.5395420715545
401,0.5,480,361,440,0.6006934943889546,0.0917184469757294,0.5089750474132253,26.466702465487714
401,0.75,480,361,440,0.8520325717720899,0.0003908536536726262,0.8516417181184172,44.28536934215769
401,1.0,480,361,440,1.022684884457496,0.10648816882002199,0.916196715637474,47.642229213148646
402,0.0,480,352,449,0.13222423582552592,0.04537914134244215,0.08684509448308377,4.5159449131203555
402,0.25,480,352,449,0.37753851589689263,-0.025439227069269554,0.40297774296616223,20.954842634240435
402,0.5,480,352,449,0.6151822893717414,-0.07391024117973356,0.6890925305514749,35.8328115886767
402,0.75,480,352,449,0.8316655343330378,0.02561634848384369,0.806049185849194,41.91455766415809
402,1.0,480,352,449,1.0270657057630617,-0.15948019249077874,1.1865458982538404,61.7003867091997
403,0.0,480,363,438,0.16910991787139815,-0.012939332277968427,0.18204925014936654,9.46656100776706
403,0.25,480,363,438,0.4006757538051167,-0.0007064385430594964,0.40138219234817624,20.871874002105166
403,0.5,480,363,438,0.5865910899483384,0.008165602652315064,0.5784254872960233,30.07812533939321
403,0.75,480,363,438,0.8711675480390676,-0.024768576634898995,0.8959361246739668,46.58867848304627
403,1.0,480,363,438,1.0778429371109817,0.0115215848624559,1.0663213522485258,55.44871031692334
404,0.0,480,355,446,0.22834399391326002,0.07957382317770496,0.14877017073555504,7.736048878248862
404,0.25,480,355,446,0.3763629475428478,-0.018642311186742568,0.3950052587295904,20.540273453938703
404,0.5,480,355,446,0.602182177857588,-0.06623106554368337,0.6684132434012714,34.757488656866116
404,0.75,480,355,446,0.7372271338270449,-0.05076893446492434,0.7879960682919693,40.97579555118241
404,1.0,480,355,446,0.9613993949427181,-0.028173155112677366,0.9895725500553955,51.45777260288057
405,0.0,480,351,450,0.07348506088279574,0.04512627052447298,0.02835879035832277,1.474657098632784
405,0.25,480,351,450,0.3901363277020539,-0.00953734817996498,0.39967367588201885,20.78303114586498
405,0.5,480,351,450,0.5933766353477568,-0.09073083427422919,0.684107469621986,35.57358842034327
405,0.75,480,351,450,0.778483005411433,-0.03175377178411489,0.810236777195548,42.132312414168496
405,1.0,480,351,450,1.007173187263065,-0.07052485987356362,1.0776980471366284,56.040298451104675
406,0.0,480,368,433,0.1608738217813055,0.07000533407365064,0.09086848770765486,4.725161360798053
406,0.25,480,368,433,0.4280626985771805,0.012034860410001073,0.41602783816717936,21.63344758469333
406,0.5,480,368,433,0.7169229906612153,0.005014247089067019,0.7119087435721483,37.01925466575171
406,0.75,480,368,433,0.8912722900938523,0.057560237315619746,0.8337120527782327,43.353026744468096
406,1.0,480,368,433,1.1343194794593012,-0.030099569111532033,1.1644190485708332,60.54979052568333
407,0.0,480,362,439,0.14649702945402454,0.0019321459258847297,0.14456488352813981,7.51737394346327
407,0.25,480,362,439,0.4379102731406609,0.012846272899860461,0.4250640002408004,22.10332801252162
407,0.5,480,362,439,0.6042117961199702,0.06854669687399534,0.5356650992459749,27.8545851607907
407,0.75,480,362,439,0.8080677052329116,0.03855726945234787,0.7695104357805637,40.01454266058931
407,1.0,480,362,439,1.0577704141904474,0.035432861118228444,1.0223375530722192,53.161552759755395
408,0.0,480,369,432,0.168685831819044,0.06080217237305982,0.1078836594459842,5.609950291191178
408,0.25,480,369,432,0.4255740886058652,0.00020779163660982183,0.4253662969692554,22.11904744240128
408,0.5,480,369,432,0.605186915610413,-0.03964790923400056,0.6448348248444137,33.53141089190951
408,0.75,480,369,432,0.7720548612318541,0.01441006209664564,0.7576447991352085,39.39752955503084
408,1.0,480,369,432,0.9761831714838662,0.017241986242745432,0.9589411852411208,49.86494163253828
409,0.0,480,370,431,0.13088142172688635,0.019124194461909827,0.1117572272649765,5.811375817778778
409,0.25,480,370,431,0.2719627949999192,-0.04428574719054925,0.31624854219046844,16.44492419390436
409,0.5,480,370,431,0.5546077333275621,-0.023682353950775652,0.5782900872783376,30.071084538473556
409,0.75,480,370,431,0.8003418753909384,0.11910387248343769,0.6812380029075006,35.42437615119003
409,1.0,480,370,431,1.0021609733668881,-0.06976970529216317,1.0719306786590512,55.74039529027066
410,0.0,480,366,435,0.2186371135548663,0.08021849619027806,0.1384186173645883,7.197768102958592
410,0.25,480,366,435,0.37473629789292934,-0.031499936598266755,0.4062362344911961,21.1242841935422
410,0.5,480,366,435,0.5765858851129088,-0.03177204321397385,0.6083579283268825,31.63461227299789
410,0.75,480,366,435,0.7519879219832549,-0.03913646447960889,0.7911243864628639,41.13846809606892
410,1.0,480,366,435,1.05680132580645,0.07840719531554129,0.9783941304909086,50.87649478552725
411,0.0,480,354,447,0.11600822077080844,0.018588093464784024,0.09742012730602442,5.06584661991327
411,0.25,480,354,447,0.38598669618539194,-0.03302374344903543,0.4190104396344273,21.78854286099022
411,0.5,480,354,447,0.5474973344731507,-0.13489855915948,0.6823958936326308,35.4845864688968
411,0.75,480,354,447,0.6860470130335312,-0.09187163744617292,0.7779186504797042,40.45176982494462
411,1.0,480,354,447,0.9437681075704577,0.033145085948797844,0.9106230216216598,47.35239712432631
412,0.0,480,365,436,0.12877834511003955,0.021965235870856515,0.10681310923918302,5.5542816804375175
412,0.25,480,365,436,0.3704878800987204,0.005395524707308335,0.36509235539141205,18.984802480353427
412,0.5,480,365,436,0.5907761842703458,-0.025279664402055726,0.6160558486724015,32.034904130964875
412,0.75,480,365,436,0.8052970721880736,0.05313478794736379,0.7521622842407096,39.112438780516904
412,1.0,480,365,436,0.9282357818185883,0.08467657506032812,0.8435592067582603,43.865078751429536
413,0.0,480,351,450,0.12540796461118295,0.050514299809840756,0.0748936648013422,3.8944705696697945
413,0.25,480,351,450,0.38339811954597774,-0.005920213537346469,0.38931833308332425,20.244553320332862
413,0.5,480,351,450,0.5659844403710509,0.017378986447161737,0.5486054539238893,28.527483604042242
413,0.75,480,351,450,0.8681218432031287,0.06808834278843298,0.8000335004146958,41.60174202156418
413,1.0,480,351,450,0.9928189708117553,0.04173386342772627,0.9510851073840291,49.45642558396951
414,0.0,480,362,439,0.11699371663180666,0.07549310428162041,0.04150061235018626,2.1580318422096854
414,0.25,480,362,439,0.3563673680581683,0.04688773101932507,0.3094796370388432,16.092941126019845
414,0.5,480,362,439,0.5973789407703156,-0.0017189507798169431,0.5990978915501325,31.15309036060689
414,0.75,480,362,439,0.7764953289067035,-0.061191042194044566,0.8376863711007482,43.559691297238906
414,1.0,480,362,439,0.92096673650022,-0.16499453261297126,1.0859612691131912,56.46998599388594
415,0.0,480,371,430,0.1296699970573321,0.07185036292230665,0.057819634135025465,3.006620975021324
415,0.25,480,371,430,0.3248404608019902,0.009956876061062641,0.31488358474092754,16.373946406528233
415,0.5,480,371,430,0.5739718089543253,-0.021040830310563623,0.5950126392648889,30.940657241774222
415,0.75,480,371,430,0.7846357291690826,-0.0037244699483438416,0.7883601991174265,40.99473035410618
415,1.0,480,371,430,0.9920692120255694,0.06819622801206571,0.9238729840135037,48.041395168702195
416,0.0,480,366,435,0.08675722919238628,0.06190289178204181,0.02485433741034447,1.2924255453379125
416,0.25,480,366,435,0.44232971621798495,0.0026333233461038707,0.43969639287188106,22.864212429337815
416,0.5,480,366,435,0.600275071125255,-0.09160667509401929,0.6918817462192745,35.97785080340227
416,0.75,480,366,435,0.851844585090828,0.013358006344493065,0.838486578746335,43.60130209480942
416,1.0,480,366,435,1.0284478784647677,0.10792203627759406,0.9205258421871736,47.86734379373303
417,0.0,480,362,439,0.13987676951144948,0.01656872583591667,0.12330804367553279,6.412018271127705
417,0.25,480,362,439,0.3699939153905482,0.046138630749247754,0.3238552846413004,16.84047480134762
417,0.5,480,362,439,0.5571946983633177,0.10519892630018203,0.45199577206313574,23.50378014728306
417,0.75,480,362,439,0.8478762340563566,0.05519647753400269,0.7926797565223539,41.219347339162404
417,1.0,480,362,439,1.0359978027690062,0.10420699319487978,0.9317908095741263,48.45312209785457
418,0.0,480,366,435,0.15699247585631199,0.027114567854607186,0.1298779080017048,6.753651216088649
418,0.25,480,366,435,0.4146507190556806,0.013252925104311152,0.4013977939513695,20.872685285471213
418,0.5,480,366,435,0.49478296968747687,-0.04408445083424201,0.5388674205217189,28.021105867129382
418,0.75,480,366,435,0.710821465645834,-0.006705242689758729,0.7175267083355927,37.31138883345082
418,1.0,480,366,435,0.9775463847244197,-0.025172009851809035,1.0027183945762288,52.1413565179639
419,0.0,480,366,435,0.18890549537982312,0.06105170514171982,0.1278537902381033,6.648397092381372
419,0.25,480,366,435,0.41982823669651115,-0.03855689870120906,0.45838513539772013,23.836027040681447
419,0.5,480,366,435,0.5813977790056027,-0.07850288803133444,0.6599006670369371,34.31483468592073
419,0.75,480,366,435,0.8198598209514097,-0.026894941873240295,0.84675476282465,44.031247666881804
419,1.0,480,366,435,1.048316164610237,0.002170069905111607,1.0461460947051255,54.399596924666525
420,0.0,480,367,434,0.13344286027662555,0.032006248004440414,0.10143661227218516,5.274703838153628
420,0.25,480,367,434,0.3308221627267454,0.010740927468859619,0.32008123525788584,16.644224233410064
420,0.5,480,367,434,0.5182019243148086,-0.007833903836044993,0.5260358281508536,27.353863063844386
420,0.75,480,367,434,0.7499236098746832,-0.027415869487956917,0.77733947936264,40.421652926857284
420,1.0,480,367,434,1.0146915557555398,0.0011848709204049606,1.0135066848351348,52.702347611427015
421,0.0,480,362,439,0.13222321513257962,0.026389386293054883,0.10583382883952472,5.5033590996552855
421,0.25,480,362,439,0.38664430080671774,0.030778507745272392,0.3558657930614453,18.505021239195155
421,0.5,480,362,439,0.6120406928496204,0.01377336419228532,0.5982673286573349,31.109901090181413
421,0.75,480,362,439,0.7729328421292853,-0.049164536517094924,0.8220973786463802,42.74906368961177
421,1.0,480,362,439,1.0293977858424532,0.013463886841986922,1.0159338990004665,52.828562748024254
422,0.0,480,365,436,0.13353985037667115,0.08130853920903318,0.05223131116763796,2.7160281807171742
422,0.25,480,365,436,0.33526505075056995,-0.0534299532389085,0.3886950039894784,20.21214020745288
422,0.5,480,365,436,0.5460455274783912,-0.055814024796275896,0.6018595522746669,31.29669671828268
422,0.75,480,365,436,0.7913145969662325,0.019370841918982157,0.7719437550472503,40.141075262457015
422,1.0,480,365,436,0.9774524158914584,0.03388687158637944,0.9435655443050787,49.06540830386409
423,0.0,480,363,438,0.1640035621954038,0.03254809547115773,0.13145546672424607,6.835684269660796
423,0.25,480,363,438,0.38027068695615696,0.0016622414882275494,0.3786084454679294,19.687639164332328
423,0.5,480,363,438,0.5520443039245476,0.015475577360781116,0.5365687265637665,27.90157378131586
423,0.75,480,363,438,0.786010621046681,0.0454009098696809,0.7406097111770001,38.511704981204005
423,1.0,480,363,438,1.078127191185352,0.13483016123412264,0.9432970299512293,49.05144555746392
424,0.0,480,366,435,0.12462635596146673,0.015426406494610719,0.10919994946685602,5.678397372276513
424,0.25,480,366,435,0.36609459104395853,0.012461528825510609,0.353633062218448,18.388919235359296
424,0.5,480,366,435,0.6504322601227054,0.08301490286870561,0.5674173572539998,29.505702577207988
424,0.75,480,366,435,0.8389120400659932,0.07049703602961592,0.7684150040363773,39.95758020989162
424,1.0,480,366,435,1.0624411134114804,0.07731172176825768,0.9851293916432226,51.22672836544757
425,0.0,480,359,442,0.14043756092451443,0.049806510022228516,0.0906310509022859,4.712814646918867
425,0.25,480,359,442,0.33857175958899316,-0.04248177153583294,0.38105353112482615,19.81478361849096
425,0.5,480,359,442,0.5397916357057496,-0.08838528823118602,0.6281769239369356,32.66520004472065
425,0.75,480,359,442,0.7036252373061892,-0.02802222640951819,0.7316474637157073,38.04566811321678
425,1.0,480,359,442,1.062686277080788,0.08336967016050982,0.9793166069202784,50.92446355985448
426,0.0,480,358,443,0.1777107007459333,0.024238020491994725,0.15347268025393854,7.980579373204804
426,0.25,480,358,443,0.3393657521410004,-0.07549210066982721,0.41485785281082765,21.572608346163037
426,0.5,480,358,443,0.597446577817025,-0.026806795937254213,0.6242533737542793,32.46117543522252
426,0.75,480,358,443,0.8148040110370894,-0.10242244413795995,0.9172264551750494,47.69577566910257
426,1.0,480,358,443,1.0398961995616032,-0.08604632624441791,1.1259425258060212,58.5490113419131
427,0.0,480,366,435,0.2306957977887156,0.06654449127811568,0.1641513065105999,8.535867938551194
427,0.25,480,366,435,0.382782827192523,0.005234601898701572,0.3775482252938214,19.632507715278713
427,0.5,480,366,435,0.5751307504350118,-0.07908252725228665,0.6542132776872985,34.01909043973952
427,0.75,480,366,435,0.8016212640350137,0.031594777498340075,0.7700264865366736,40.041377299907026
427,1.0,480,366,435,0.9845680442948997,0.027449891025039152,0.9571181532698606,49.77014397003275
428,0.0,480,352,449,0.09745623573423177,0.09209283828232563,0.005363397451906145,0.27889666749911957
428,0.25,480,352,449,0.419768662120404,-0.03949803677707452,0.45926669889747845,23.88186834266888
428,0.5,480,352,449,0.605194262302217,-0.03200550709737062,0.6371997693995877,33.13438800877856
428,0.75,480,352,449,0.8433267682306453,0.0009962566828353098,0.8423305115478099,43.80118660048612
428,1.0,480,352,449,1.0616861683682068,-0.05805352093317779,1.1197396893013847,58.226463843672
429,0.0,480,369,432,0.2004441283751914,0.032631407126237674,0.16781272124895372,8.726261504945594
429,0.25,480,369,432,0.4344928327427124,0.06024426514929523,0.3742485675934172,19.460925514857692
429,0.5,480,369,432,0.6428936973772904,-0.009499003084788118,0.6523927004620785,33.924420424028085
429,0.75,480,369,432,0.8623232820161151,-0.11318182396363044,0.9755051059797457,50.726265510946774
429,1.0,480,369,432,1.069260804255146,0.059865970260627184,1.0093948339945187,52.48853136771497
430,0.0,480,355,446,0.19153220982735739,0.08205319123145925,0.10947901859589816,5.692908966986704
430,0.25,480,355,446,0.38766935048886264,0.03486282197722834,0.35280652851163424,18.34593948260498
430,0.5,480,355,446,0.6551498960128272,0.09720301735287198,0.5579468786599553,29.013237690317673
430,0.75,480,355,446,0.7589860116787108,0.06106144488987285,0.6979245667888381,36.29207747301958
430,1.0,480,355,446,0.9701175273779772,0.152604147686918,0.8175133796910591,42.510695743935074
431,0.0,480,356,445,0.20894576410872912,0.0418393516484598,0.1671064124602693,8.689533447934004
431,0.25,480,356,445,0.3817241016944932,0.002087992114301387,0.37963610958019184,19.741077698169974
431,0.5,480,356,445,0.5586140733178635,-0.05410373660768187,0.6127178099255454,31.86132611612836
431,0.75,480,356,445,0.7696007572821223,0.015608118659149923,0.7539926386229724,39.207617208394566
431,1.0,480,356,445,1.0296765606361475,0.08455899319450486,0.9451175674416429,49.14611350696543
432,0.0,480,372,429,0.13464245729203095,0.033324511369170966,0.10131794592285998,5.2685331879887185
432,0.25,480,372,429,0.34069120998396935,0.0020405510342012016,0.33865065894976815,17.609834265387942
432,0.5,480,372,429,0.6353427064047477,0.002722583108621093,0.6326201232961266,32.896246411398586
432,0.75,480,372,429,0.7750670771960558,0.10469017735899448,0.6703768998370614,34.85959879152719
432,1.0,480,372,429,1.0219299600669713,0.032694294685584775,0.9892356653813865,51.4402545998321
433,0.0,480,351,450,0.09603066130901652,0.0035396280998218387,0.09249103320919472,4.809533726878126
433,0.25,480,351,450,0.429867850918829,0.021592437290852466,0.40827541362797654,21.23032150865478
433,0.5,480,351,450,0.604907981214943,-0.04187120766702673,0.6467791888819698,33.63251782186243
433,0.75,480,351,450,0.837335478964683,-0.07468602103072798,0.9120214999954109,47.42511799976137
433,1.0,480,351,450,1.090303381390564,-0.014358300263544474,1.1046616816541084,57.44240744601363
434,0.0,480,342,459,0.1594898543581399,0.0651643987091174,0.09432545564902252,4.904923693749171
434,0.25,480,342,459,0.38054772155774724,0.037064764103694504,0.3434829574540526,17.861113787610737
434,0.5,480,342,459,0.5627680137117386,-0.018826255105927135,0.5815942688176657,30.242901978518617
434,0.75,480,342,459,0.8325385960692386,0.08224333358596592,0.7502952624832728,39.01535364913019
434,1.0,480,342,459,1.04801169294312,0.00020204844985519455,1.0478096444932647,54.486101513649764
435,0.0,480,363,438,0.13556536136516878,0.0037098313105364857,0.13185553005463227,6.856487562840878
435,0.25,480,363,438,0.3284813203787965,-0.03203296091159004,0.3605142812903865,18.746742627100097
435,0.5,480,363,438,0.5740240719776882,-0.003857940992767969,0.5778820129704563,30.049864674463727
435,0.75,480,363,438,0.7855740294076179,-0.04159680526854922,0.8271708346761671,43.01288340316069
435,1.0,480,363,438,1.0660288074374418,-0.03262907835848218,1.098657885795924,57.13021006138804
436,0.0,480,355,446,0.138491098526284,0.05859083832257502,0.079900260203709,4.154813530592868
436,0.25,480,355,446,0.4177342157823765,-0.026533124557228525,0.444267340339605,23.10190169765946
436,0.5,480,355,446,0.6294793178366668,0.09926001507843608,0.5302193027582308,27.571403743428004
436,0.75,480,355,446,0.8606887469346675,-0.04730086995879246,0.9079896168934599,47.21546007845991
436,1.0,480,355,446,1.057521235698006,0.12973542443924843,0.9277858112587577,48.2448621854554
437,0.0,480,368,433,0.14453138936418017,0.07540453680029545,0.0691268525638847,3.594596333322005
437,0.25,480,368,433,0.35740336657491834,-0.07630563465258958,0.4337090012275079,22.55286806383041
437,0.5,480,368,433,0.6050011477585372,-0.10980852673251175,0.7148096744910488,37.17010307353454
437,0.75,480,368,433,0.7319145663637452,-0.021626592021546445,0.7535411583852917,39.18414023603517
437,1.0,480,368,433,0.9541212008597901,-0.006151833164128821,0.9602730340239188,49.93419776924378
438,0.0,480,381,420,0.1747650023957562,0.06274572486415345,0.11201927753160273,5.825002431643342
438,0.25,480,381,420,0.41110328044595607,0.055885057058915534,0.35521822338704057,18.47134761612611
438,0.5,480,381,420,0.5737270310158958,0.00806274371732761,0.5656642872985682,29.414542939525546
438,0.75,480,381,420,0.784868419204525,-0.0305608398995295,0.8154292591040545,42.40232147341084
438,1.0,480,381,420,0.9883849086251354,-0.007094389575862811,0.9954792982009982,51.76492350645191
439,0.0,480,360,441,0.1625631883790902,0.029873769936755713,0.13268941844233448,6.899849759001393
439,0.25,480,360,441,0.4305321852899701,0.013632695809824453,0.41689948948014566,21.678773452967576
439,0.5,480,360,441,0.538934106184132,-0.08620278881116715,0.6251368949952992,32.50711853975556
439,0.75,480,360,441,0.7615026926110051,0.0075233394788794435,0.7539793531321257,39.20692636287054
439,1.0,480,360,441,1.0512320065115461,0.030573645172982805,1.0206583613385634,53.07423478960529
440,0.0,480,365,436,0.12453331591690094,0.025231821085282137,0.09930149483161883,5.16367773124418
440,0.25,480,365,436,0.4117330586034055,0.0006555105690437151,0.41107754803436175,21.37603249778681
440,0.5,480,365,436,0.5791074012960861,-0.05266522945506472,0.6317726307511508,32.85217679905984
440,0.75,480,365,436,0.8437578776992017,0.09741911424954652,0.7463387634496552,38.80961569938207
440,1.0,480,365,436,1.0231023905209715,0.17631467701059772,0.8467877135103739,44.03296110253944
441,0.0,480,358,443,0.06924001918660257,-0.04166870646741483,0.1109087256540174,5.7672537340089045
441,0.25,480,358,443,0.3659381456791703,-0.14740913333306138,0.5133472790122318,26.69405850863605
441,0.5,480,358,443,0.5294696446838123,0.0252311664849774,0.5042384781988349,26.220400866339418
441,0.75,480,358,443,0.7162736014321097,-0.014738408969924082,0.7310120104020337,38.01262454090575
441,1.0,480,358,443,0.9969435845234145,0.030316193154165248,0.9666273913692492,50.26462435120096
442,0.0,480,363,438,0.1232666801335164,0.0576223301377772,0.06564434999573919,3.4135061997784377
442,0.25,480,363,438,0.3475757662909314,-0.02043832199034142,0.3680140882812728,19.136732590626185
442,0.5,480,363,438,0.5914258250422489,-0.12457807653902409,0.7160039015812729,37.23220288222619
442,0.75,480,363,438,0.811430660221613,-0.08432080235665408,0.8957514625782671,46.57907605406989
442,1.0,480,363,438,1.0578697317913153,-0.02111620886205726,1.0789859406533726,56.107268913975375
443,0.0,480,365,436,0.12528828617742133,0.07096995125154762,0.0543183349258737,2.824553416145432
443,0.25,480,365,436,0.3153420228681003,0.014669521807874345,0.30067250106022597,15.63497005513175
443,0.5,480,365,436,0.6453623700910968,-0.012869901060396096,0.6582322711514929,34.22807809987763
443,0.75,480,365,436,0.8017575108453853,0.10353560856485172,0.6982219022805336,36.307538918587746
443,1.0,480,365,436,0.9087164039425666,-0.05879790821985003,0.9675143121624167,50.310744232445664
444,0.0,480,354,447,0.12817013122648158,0.010594285499388937,0.11757584572709266,6.113943977808819
444,0.25,480,354,447,0.3265085107246132,-0.04814083109648779,0.374649341821101,19.48176577469725
444,0.5,480,354,447,0.5739789474816245,-0.05264655499192363,0.6266255024735481,32.5845261286245
444,0.75,480,354,447,0.8568729467895324,-0.01783068870893409,0.8747036354984665,45.48458904592026
444,1.0,480,354,447,0.9676361617054271,0.025057744783625532,0.9425784169218016,49.01407767993368
445,0.0,480,347,454,0.11019444360746229,0.025771241734396412,0.0844232018730659,4.390006497399427
445,0.25,480,347,454,0.4261508816916983,-0.014511797221489035,0.44066267891318733,22.914459303485742
445,0.5,480,347,454,0.5629717558443345,-0.03521414844888912,0.5981859042932236,31.105667023247626
445,0.75,480,347,454,0.8216442797611818,0.04991611423852705,0.7717281655226547,40.12986460717804
445,1.0,480,347,454,1.0447834004928263,0.16803337228140783,0.8767500282114186,45.59100146699377
446,0.0,480,360,441,0.08602900958086625,-0.008826639214804564,0.09485564879567082,4.932493737374883
446,0.25,480,360,441,0.3975010228477834,-0.008643462708636024,0.40614448555641935,21.119513248933806
446,0.5,480,360,441,0.5965618904071066,-0.04107705697310009,0.6376389473802068,33.157225263770755
446,0.75,480,360,441,0.8053995633727066,0.045619893882149036,0.7597796694905574,39.50854281350899
446,1.0,480,360,441,1.0271597938097412,0.09804745292443036,0.9291123408853107,48.31384172603616
447,0.0,480,366,435,0.12407275676751442,0.02141848336508182,0.1026542734024326,5.338022216926495
447,0.25,480,366,435,0.41086973926660475,0.02329455149510224,0.3875751877715024,20.153909764118126
447,0.5,480,366,435,0.6571235549702183,-0.015995902766334048,0.6731194577365525,35.00221180230073
447,0.75,480,366,435,0.761853304146051,0.06580657421969657,0.6960467299263543,36.194429956170424
447,1.0,480,366,435,1.0566319536577768,-0.005578860825115253,1.0622108144828921,55.23496235311039
448,0.0,480,359,442,0.17873143964404747,0.042131478945352546,0.13659996069869493,7.103197956332136
448,0.25,480,359,442,0.3745913790141246,-0.04730018939847764,0.4218915684126022,21.938361557455316
448,0.5,480,359,442,0.6534447169574412,-0.11699908411241347,0.7704438010698547,40.06307765563244
448,0.75,480,359,442,0.8085767079275914,-0.10680994741291952,0.915386655340511,47.60010607770657
448,1.0,480,359,442,1.0420344965248247,-0.24133626215828077,1.2833707586831058,66.7352794515215
449,0.0,480,356,445,0.19761609337333622,0.036898123532751126,0.1607179698405851,8.357334431710425
449,0.25,480,356,445,0.3615421699090711,-0.03603884041822659,0.39758101032729776,20.674212537019482
449,0.5,480,356,445,0.574094392515294,0.014455888008632558,0.5596385045066614,29.101202234346395
449,0.75,480,356,445,0.7659319813995374,0.055974708642218436,0.709957272757319,36.91777818338059
449,1.0,480,356,445,0.9823141234895443,0.11927158888399343,0.8630425346055509,44.878211799488646
450,0.0,480,357,444,0.19349740123827755,0.06657686525544802,0.1269205359828295,6.599867871107135
450,0.25,480,357,444,0.32351702259494886,0.014013645424166216,0.30950337717078263,16.094175612880697
450,0.5,480,357,444,0.5797787453246092,0.0063838170849663135,0.5733949282396428,29.816536268461423
450,0.75,480,357,444,0.7751631048658925,0.05111358798842852,0.724049516877464,37.65057487762813
450,1.0,480,357,444,0.9451544175143798,0.007712019519732804,0.937442397994647,48.74700469572164
451,0.0,480,361,440,0.1451074983075473,0.07251302944877927,0.07259446885876804,3.774912380655938
451,0.25,480,361,440,0.35433923532583267,-0.003386319997076463,0.3577255553229091,18.601728876791274
451,0.5,480,361,440,0.518459093866588,-0.014929633463190579,0.5333887273297786,27.73621382114849
451,0.75,480,361,440,0.8392834756320261,0.09530732435505088,0.7439761512769753,38.68675986640271
451,1.0,480,361,440,0.9907445844777679,0.07715842133547655,0.9135861631422914,47.50648048339915
452,0.0,480,367,434,0.12033147322869178,0.08546898719674188,0.034862486031949906,1.812849273661395
452,0.25,480,367,434,0.3108188781932281,0.025063792970827715,0.28575508522240045,14.859264431564824
452,0.5,480,367,434,0.6551523210235868,-0.013587865318488417,0.6687401863420751,34.774489689787906
452,0.75,480,367,434,0.7823208497994304,0.012938096669510657,0.7693827531299198,40.00790316275583
452,1.0,480,367,434,1.0676686378325224,0.1255572877121925,0.9421113501203299,48.989790206257155
453,0.0,480,348,453,0.15290185011216456,0.05012532602901325,0.1027765240831513,5.344379252323868
453,0.25,480,348,453,0.3334612571055282,0.009356732781209623,0.32410452432431863,16.85343526486457
453,0.5,480,348,453,0.6061661740602244,0.0489235313090271,0.5572426427511974,28.976617423062265
453,0.75,480,348,453,0.6966700659984469,-0.03530266281170869,0.7319727288101556,38.062581898128094
453,1.0,480,348,453,0.9069372900837395,0.011344328395836583,0.8955929616879029,46.570834007770955
454,0.0,480,358,443,0.13415218731614306,0.02381304523105222,0.11033914208509084,5.7376353884247235
454,0.25,480,358,443,0.3874458781458566,-0.03667328088308553,0.42411915902894215,22.054196269504992
454,0.5,480,358,443,0.551553462915938,-0.06518543505725591,0.6167388979731939,32.07042269460609
454,0.75,480,358,443,0.8125728997913687,-0.06795278348475088,0.8805256832761196,45.78733553035822
454,1.0,480,358,443,1.0399084578310547,0.005297992640877833,1.0346104651901769,53.799744189889196
455,0.0,480,355,446,0.14333769353935075,0.0665722542445066,0.07676543929484417,3.9918028433318966
455,0.25,480,355,446,0.42845548832700286,-0.009956826529756166,0.438412314856759,22.79744037255147
455,0.5,480,355,446,0.5840696325035865,0.10694853834503086,0.47712109415855547,24.810296896244886
455,0.75,480,355,446,0.8352418045434961,0.05607572133839895,0.7791660832050971,40.51663632666505
455,1.0,480,355,446,0.9784315949710541,0.0012418965859058184,0.9771896983851484,50.81386431602771
456,0.0,480,359,442,0.015170469322931573,0.06464447368316177,-0.049474004360230195,-2.57264822673197
456,0.25,480,359,442,0.32616507928402794,0.0073953832480326345,0.31876969603599525,16.576024193871753
456,0.5,480,359,442,0.5276731806831567,-0.004680839066936839,0.5323540197500936,27.682409027004866
456,0.75,480,359,442,0.7176977604596266,0.09743279250950514,0.6202649679501213,32.25377833340631
456,1.0,480,359,442,0.9138229615310591,0.08677997888673226,0.8270429826443269,43.006235097505
457,0.0,480,353,448,0.13427118271881477,0.06814287285995198,0.0661283098588628,3.4386721126608655
457,0.25,480,353,448,0.40422285753939285,0.07844900733830305,0.32577385020108984,16.940240210456672
457,0.5,480,353,448,0.5999582400361713,0.0014779016150050228,0.5984803384211662,31.120977597900644
457,0.75,480,353,448,0.7838147525877978,0.07108588449121726,0.7127288680965805,37.06190114102219
457,1.0,480,353,448,1.0454026386021809,0.009693437382787135,1.0357092012193938,53.85687846340848
458,0.0,480,368,433,0.16422125821659875,0.010465114441980842,0.1537561437746179,7.995319476280131
458,0.25,480,368,433,0.3864126039847517,0.02928442671952387,0.3571281772652278,18.570665217791845
458,0.5,480,368,433,0.6560765507835301,-0.03218692030542314,0.6882634710889534,35.78970049662558
458,0.75,480,368,433,0.8636350911717037,0.047146904015677116,0.8164881871560266,42.45738573211338
458,1.0,480,368,433,1.0101360496370932,0.014906212378755236,0.995229837258338,51.75195153743358
459,0.0,480,371,430,0.13990833703497618,0.06347664832026388,0.07643168871471229,3.974447813165039
459,0.25,480,371,430,0.35876738712954864,0.04398544587566677,0.3147819412538819,16.36866094520186
459,0.5,480,371,430,0.5359454657312231,-0.02448882716087444,0.5604342928920976,29.14258323038907
459,0.75,480,371,430,0.6941518422113648,-0.020819950178619248,0.7149717923899841,37.17853320427918
459,1.0,480,371,430,0.9168453342430268,-0.11953025759388525,1.0363755918369122,53.891530775519435
460,0.0,480,372,429,0.12988222895624205,0.03522040148616244,0.09466182747007962,4.92241502844414
460,0.25,480,372,429,0.41945425086485766,-0.03241339705846843,0.4518676479233261,23.497117692012957
460,0.5,480,372,429,0.6147890358860327,-0.0745894243452537,0.6893784602312865,35.84767993202689
460,0.75,480,372,429,0.7662191932195266,-0.057967349494373356,0.8241865427138999,42.8577002211228
460,1.0,480,372,429,0.9339994094569667,0.138100614404009,0.7958987950529575,41.38673734275379
461,0.0,480,372,429,0.1681411173816694,0.014414707408777493,0.15372640997289194,7.993773318590381
461,0.25,480,372,429,0.3497229001994866,-0.013332927594545367,0.36305582779403195,18.87890304528966
461,0.5,480,372,429,0.5851997166815978,-0.07248196437860452,0.6576816810602023,34.19944741513052
461,0.75,480,372,429,0.7945387571172502,0.021403103893592876,0.7731356532236574,40.20305396763018
461,1.0,480,372,429,1.022970634336768,0.18085988212045245,0.8421107522163156,43.78975911524841
462,0.0,480,363,438,0.1908586434838544,0.07095335970627718,0.11990528377757721,6.235074756434015
462,0.25,480,363,438,0.3649611892765743,0.009118404010169688,0.3558427852664046,18.50382483385304
462,0.5,480,363,438,0.5942205160241543,-0.06015480768019896,0.6543753237043534,34.027516832626375
462,0.75,480,363,438,0.7196687873458658,0.002622835155202444,0.7170459521906632,37.286389513914486
462,1.0,480,363,438,1.0199245873231333,-0.019022500114930684,1.038947087438064,54.02524854677932
463,0.0,480,363,438,0.13318225684742893,0.0398849737764853,0.09329728307094365,4.85145871968907
463,0.25,480,363,438,0.3503766074165689,0.03868619139102317,0.3116904160255457,16.207901633328376
463,0.5,480,363,438,0.5442595898595909,0.04762694266418891,0.4966326471954019,25.8248976541609
463,0.75,480,363,438,0.7229018296652142,-0.049286160473271126,0.7721879901384854,40.15377548720124
463,1.0,480,363,438,0.9661110920563135,0.07786732197046506,0.8882437700858485,46.188676044464124
464,0.0,480,369,432,0.10958642477077364,0.033207204971062415,0.07637921979971123,3.971719429584984
464,0.25,480,369,432,0.2815287745854459,0.018437276398861942,0.26309149818658395,13.680757905702364
464,0.5,480,369,432,0.6057299707491914,-0.03965574408924765,0.6453857148384392,33.56005717159884
464,0.75,480,369,432,0.8243589042007029,0.03827553553745012,0.7860833686632529,40.87633517048915
464,1.0,480,369,432,0.9531021998919837,-0.009413097372731329,0.9625152972647152,50.05079545776519
465,0.0,480,366,435,0.07510387504512646,0.04216635525706673,0.03293751978805971,1.712751028979105
465,0.25,480,366,435,0.34862904035202513,-0.030286463284703954,0.37891550363672916,19.703606189109916
465,0.5,480,366,435,0.6359510722636667,-0.05272201371363607,0.6886730859773027,35.81100047081974
465,0.75,480,366,435,0.9221803598386664,-0.023731158397107377,0.9459115182357738,49.18739894826024
465,1.0,480,366,435,1.0805246834013706,-0.04908225499009085,1.1296069383914613,58.73956079635599
466,0.0,480,360,441,0.140310946711046,0.11816754582763617,0.02214340088340983,1.1514568459373111
466,0.25,480,360,441,0.35906077358930977,-0.012583294282012226,0.37164406787132204,19.325491529308746
466,0.5,480,360,441,0.6547943640710527,0.00425534072578053,0.650539023345272,33.828029213954146
466,0.75,480,360,441,0.8036846633966759,0.017000723017314104,0.786683940379362,40.90756489972682
466,1.0,480,360,441,1.0494896375829486,0.04589777648908478,1.0035918610938637,52.18677677688091
467,0.0,480,356,445,0.18584427221761754,0.06989375253551172,0.11595051968210585,6.029427023469504
467,0.25,480,356,445,0.3662328976923912,-0.022492991815924224,0.3887258895083154,20.2137462544324
467,0.5,480,356,445,0.6165513886010969,-0.05760825707656619,0.6741596456776633,35.05630157523849
467,0.75,480,356,445,0.7881665120634039,0.09978945847479793,0.6883770535886059,35.79560678660751
467,1.0,480,356,445,1.0675918243021745,0.06718757845673591,1.0004042458454383,52.02102078396279
468,0.0,480,352,449,0.1563680825958021,0.025504289298348547,0.13086379329745357,6.804917251467586
468,0.25,480,352,449,0.40587678562252394,0.016290811987397003,0.38958597363512687,20.258470629026597
468,0.5,480,352,449,0.687628535471429,-0.07323474604217284,0.7608632815136018,39.5648906387073
468,0.75,480,352,449,0.8738900541531465,0.029351870495278976,0.8445381836578674,43.9159855502091
468,1.0,480,352,449,1.0893104714969664,-0.042627010434016226,1.1319374819309826,58.860749060411095
469,0.0,480,359,442,0.15842934992483673,-0.013665915768051408,0.17209526569288816,8.948953816030185
469,0.25,480,359,442,0.3807828689204414,-0.04026081787636478,0.42104368679680615,21.89427171343392
469,0.5,480,359,442,0.6002147668407146,-0.0023962152327702876,0.602610982073485,31.335771067821216
469,0.75,480,359,442,0.8010428214954758,-0.18743807964419673,0.9884809011396725,51.40100685926297
469,1.0,480,359,442,1.114740031684526,-0.03667236190526573,1.1514123935897915,59.873444466669156
470,0.0,480,361,440,0.07526866162381589,0.04064519722436928,0.0346234643994466,1.8004201487712232
470,0.25,480,361,440,0.3748714458543521,0.024306325188776366,0.35056512066557577,18.22938627460994
470,0.5,480,361,440,0.588431443947883,-0.029998265196886295,0.6184297091447695,32.158344875528016
470,0.75,480,361,440,0.7649804118794984,-0.013896316882144441,0.7788767287616428,40.50158989560543
470,1.0,480,361,440,0.9721971387266527,-0.017274502187725218,0.9894716409143779,51.45252532754765
471,0.0,480,370,431,0.13584888766041714,0.04900268598290729,0.08684620167750987,4.516002487230513
471,0.25,480,370,431,0.3980363206187452,-0.005248938407888175,0.40328525902663337,20.970833469384935
471,0.5,480,370,431,0.6133261572286324,0.0006352652332336426,0.6126908919953988,31.85992638376074
471,0.75,480,370,431,0.8205405287709399,0.04619525663514517,0.7743452721357947,40.26595415106133
471,1.0,480,370,431,1.0783369523725086,0.049233876450563506,1.029103075921945,53.51335994794114
472,0.0,480,350,451,0.15595759158181347,0.03621118557206021,0.11974640600975327,6.22681311250717
472,0.25,480,350,451,0.40839195847388515,0.004573620171536684,0.4038183383023485,20.99855359172212
472,0.5,480,350,451,0.6304545214034373,-0.030729241736620914,0.6611837631400581,34.381555683283025
472,0.75,480,350,451,0.8000701933397365,-0.03532078760221641,0.835390980941953,43.44033100898155
472,1.0,480,350,451,0.9806786967697978,0.03936644795728602,0.9413122488125119,48.948236938250616
473,0.0,480,352,449,0.18068394204196525,0.08715385412408232,0.09353008791788293,4.8635645717299125
473,0.25,480,352,449,0.3349988060073301,0.041346986886961076,0.2936518191203691,15.269894594259192
473,0.5,480,352,449,0.5524912962058491,-0.06913501540971895,0.6216263116155681,32.324568204009545
473,0.75,480,352,449,0.710071283488845,-0.00850005613407363,0.7185713396229187,37.36570966039177
473,1.0,480,352,449,1.029238094930008,-0.0220943589936629,1.0513324539236708,54.669287604030885
474,0.0,480,363,438,0.16618966264440374,0.06741897280901951,0.09877068983538421,5.136075871439979
474,0.25,480,363,438,0.3261385535480221,-0.09770515276941652,0.4238437063174387,22.03987272850681
474,0.5,480,363,438,0.616970865130585,0.03245666970693069,0.5845141954236542,30.39473816203002
474,0.75,480,363,438,0.8152185052319375,-0.13656346497868183,0.951781970210619,49.49266245095219
474,1.0,480,363,438,1.0634423809206328,-0.03697906195380605,1.100421442874439,57.22191502947083
475,0.0,480,361,440,0.18115241124411663,0.02506480944201667,0.15608760180209993,8.116555293709197
475,0.25,480,361,440,0.37171665731288106,-0.02649397717421475,0.39821063448709587,20.706952993328986
475,0.5,480,361,440,0.631635338055266,0.05068591153078699,0.580949426524479,30.20937017927291
475,0.75,480,361,440,0.7528346377209573,-0.013269970441331248,0.7661046081622886,39.83743962443901
475,1.0,480,361,440,0.9879382550091755,0.004379907913209938,0.9835583470959657,51.14503404899021
476,0.0,480,357,444,0.22824680759047164,0.024807885972820905,0.20343892161765073,10.578823924117838
476,0.25,480,357,444,0.3543634710950758,-0.037148203779134206,0.39151167487421007,20.358607093458925
476,0.5,480,357,444,0.5934518870419179,-0.051059405831191285,0.6445112928731092,33.51458722940168
476,0.75,480,357,444,0.8374374027157718,-0.06632957896413767,0.9037669816799095,46.9958830473553
476,1.0,480,357,444,1.0769353422050343,-0.14306801412509626,1.2200033563301307,63.440174529166796
477,0.0,480,363,438,0.13879050508914784,0.06208320007894378,0.07670730501020406,3.9887798605306113
477,0.25,480,363,438,0.4284549843070057,-0.017684860189114127,0.44613984449611976,23.199271913798228
477,0.5,480,363,438,0.5907625908658888,-0.06095500883296881,0.6517175996988576,33.889315184340596
477,0.75,480,363,438,0.7332975586803359,0.05731873632595913,0.6759788223543768,35.150898762427595
477,1.0,480,363,438,1.065521919529491,0.10728532125979166,0.9582365982696993,49.828303110024365
478,0.0,480,367,434,0.18434568153790132,0.1064453783856398,0.07790030315226151,4.050815763917599
478,0.25,480,367,434,0.35181276556656177,-0.006620116599287986,0.35843288216584973,18.638509872624187
478,0.5,480,367,434,0.5999926230989757,-0.06798516468596875,0.6679777877849447,34.73484496481712
478,0.75,480,367,434,0.8522205973968717,-0.037873380104250225,0.8900939775011218,46.28488683005833
478,1.0,480,367,434,1.0427758395816602,-0.06802412805492154,1.1107999676365818,57.761598317102255
479,0.0,480,357,444,0.1462495875113886,0.04053260959341591,0.10571697791797269,5.49728285173458
479,0.25,480,357,444,0.3820129876058221,-0.012757682873634192,0.3947706704794563,20.528074864931728
479,0.5,480,357,444,0.5446052980222831,-0.056490081684328224,0.6010953797066113,31.25695974474379
479,0.75,480,357,444,0.7955560813280376,0.01863330881351226,0.7769227725145252,40.39998417075531
479,1.0,480,357,444,0.9787803139107646,0.03160507028331533,0.9471752436274492,49.25311266862736
480,0.0,480,360,441,0.15773526397099621,0.09091336619059391,0.06682189778040229,3.474738684580919
480,0.25,480,360,441,0.2877660683284084,-0.022822314576394647,0.3105883829048031,16.150595911049763
480,0.5,480,360,441,0.527897873048441,0.0437235450961011,0.48417432795233983,25.177065053521673
480,0.75,480,360,441,0.8028026777554499,0.04367637003272213,0.7591263077227277,39.474568001581844
480,1.0,480,360,441,1.0022527947287942,0.07686638758615325,0.925386407142641,48.12009317141733
481,0.0,480,361,440,0.15073284560524264,0.09768599664593976,0.05304684895930289,2.75843614588375
481,0.25,480,361,440,0.32135422676704145,-0.037387884473642934,0.3587421112406844,18.65458978451559
481,0.5,480,361,440,0.5539975992515315,-0.019603465110418435,0.5736010643619499,29.827255346821396
481,0.75,480,361,440,0.7520983576497979,-0.09242712360387097,0.8445254812536689,43.91532502519078
481,1.0,480,361,440,0.9698345538921297,-0.009506949857311793,0.9793415037494414,50.92575819497095
482,0.0,480,362,439,0.14911120698745978,0.04084192389974431,0.10826928308771547,5.630002720561205
482,0.25,480,362,439,0.39638587037067374,-0.03656742947299514,0.4329532998436688,22.51357159187078
482,0.5,480,362,439,0.6004951621006801,-0.037269785866852874,0.6377649479675331,33.16377729431172
482,0.75,480,362,439,0.9171237576670357,0.09137861159447178,0.8257451460725639,42.93874759577332
482,1.0,480,362,439,1.0600546381790257,0.03285952953511821,1.0271951086439075,53.41414564948319
483,0.0,480,353,448,0.1597053135441098,-0.019516001263009505,0.1792213148071193,9.319508369970205
483,0.25,480,353,448,0.3735268351093574,0.05531779169590941,0.31820904341344797,16.546870257499293
483,0.5,480,353,448,0.5487126561001084,0.03994382061640843,0.5087688354837,26.4559794451524
483,0.75,480,353,448,0.7897562851513403,-0.047563808268685275,0.8373200934200256,43.54064485784133
483,1.0,480,353,448,0.96594005962207,0.02645662300555557,0.9394834366165145,48.85313870405875
484,0.0,480,367,434,0.10240638546903923,0.0320136446372146,0.07039274083182462,3.66042252325488
484,0.25,480,367,434,0.35078249206135836,-0.062123595451464134,0.41290608751282254,21.47111655066677
484,0.5,480,367,434,0.5859809936928628,-0.02253815869413771,0.6085191523870006,31.64299592412403
484,0.75,480,367,434,0.8012411670006323,0.016221283041129856,0.7850198839595024,40.821033965894124
484,1.0,480,367,434,0.9324365321416588,0.11355273237785798,0.818883799763801,42.58195758771765
485,0.0,480,359,442,0.12968307090143377,0.09848784260672401,0.03119522829470976,1.6221518713249075
485,0.25,480,359,442,0.38008247865419087,-0.016166023097314457,0.39624850175150533,20.604922091078276
485,0.5,480,359,442,0.5929591607856246,-0.0229235612061478,0.6158827219917724,32.02590154357217
485,0.75,480,359,442,0.7894924951408958,-0.14127801471097914,0.9307705098518751,48.40006651229751
485,1.0,480,359,442,1.0246491658283636,-0.06910281654415396,1.0937519823725175,56.87510308337091
486,0.0,480,363,438,0.13583112092790717,0.042163593710807794,0.09366752721709938,4.8707114152891675
486,0.25,480,363,438,0.43070769988526386,0.04832314880750271,0.3823845510777612,19.883996656043582
486,0.5,480,363,438,0.6333259905306412,0.07786694830696697,0.5554590422236744,28.88387019563107
486,0.75,480,363,438,0.8339767937274836,0.030014473085253277,0.8039623206422305,41.806040673395984
486,1.0,480,363,438,1.0414437947096704,0.1514717164203802,0.8899720782892904,46.2785480710431
487,0.0,480,359,442,0.08132961575372323,-0.0015357323015505059,0.08286534805527374,4.308998098874234
487,0.25,480,359,442,0.38461446302235697,0.04888836713998482,0.3357260958823722,17.457756985883353
487,0.5,480,359,442,0.6704568720801574,0.07577701461340151,0.594679857466756,30.923352588271314
487,0.75,480,359,442,0.8348120234514598,0.08619373364168273,0.748618289809777,38.9281510701084
487,1.0,480,359,442,1.0463894084557268,0.0828246497074375,0.9635647587482895,50.105367454911054
488,0.0,480,363,438,0.17450541401415287,0.0752897910269948,0.099215622987158,5.159212395332216
488,0.25,480,363,438,0.3633353432210802,0.0038553705990436657,0.35947997262203657,18.6929585763459
488,0.5,480,363,438,0.6078280472707333,-0.09975138042671229,0.7075794276974454,36.794130240267165
488,0.75,480,363,438,0.8853009243959505,-0.04311513772690043,0.9284160621228508,48.27763523038824
488,1.0,480,363,438,1.0895071270739527,0.13369187427547788,0.9558152527984748,49.70239314552069
489,0.0,480,349,452,0.16198254250299174,0.08149534793436491,0.0804871945686268,4.185334117568593
489,0.25,480,349,452,0.4284525800920438,-0.05044023902207587,0.47889281911411963,24.90242659393422
489,0.5,480,349,452,0.6603852881460077,-0.03924657827006475,0.6996318664160727,36.38085705363578
489,0.75,480,349,452,0.7921054058727682,-0.017888815127837847,0.8099942210006059,42.11969949203151
489,1.0,480,349,452,1.0259420075127685,-0.022954640127000336,1.048896647639769,54.542625677267985
490,0.0,480,362,439,0.19431960734247972,0.09592341525542859,0.09839619208705114,5.116601988526659
490,0.25,480,362,439,0.2948215163426591,-0.004026071744462886,0.298847588087122,15.540074580530343
490,0.5,480,362,439,0.6427377396244074,0.006447933470172412,0.636289806154235,33.08706992002022
490,0.75,480,362,439,0.871577952414021,0.03181408897712272,0.8397638634368982,43.667720898718706
490,1.0,480,362,439,1.007077555533523,-0.031643584004761915,1.0387211395382847,54.01349925599081
491,0.0,480,373,428,0.12268009464091463,0.08362578706240972,0.0390543075785049,2.030823994082255
491,0.25,480,373,428,0.3503754139921972,0.013643954915669243,0.3367314590765278,17.510035871979447
491,0.5,480,373,428,0.6593184383454848,0.07369585745237886,0.5856225808931058,30.4523742064415
491,0.75,480,373,428,0.8514894000927345,0.016143856796057218,0.8353455432966773,43.43796825142722
491,1.0,480,373,428,1.0225806100142907,0.05519535280336922,0.9673852572109213,50.30403337496791
492,0.0,480,342,459,0.1341708972292201,0.1027483549252813,0.03142254230393881,1.633972199804818
492,0.25,480,342,459,0.4221037551643739,0.051761773734587,0.37034198142978686,19.25778303434892
492,0.5,480,342,459,0.5421038058688883,-0.055604260134638546,0.5977080660035268,31.080819432183393
492,0.75,480,342,459,0.7771520648873138,-0.055009424219215286,0.8321614891065291,43.27239743353951
492,1.0,480,342,459,0.935148205471763,0.027205606396273323,0.9079425990754898,47.21301515192547
493,0.0,480,374,427,0.18003005360195443,-0.0029479987982520203,0.18297805240020645,9.514858724810736
493,0.25,480,374,427,0.32741239845551584,-0.0005023847147343066,0.32791478317025025,17.051568724853013
493,0.5,480,374,427,0.650540951067743,-0.008737745927563196,0.6592786969953063,34.282492243755925
493,0.75,480,374,427,0.7731933971813512,-0.031043929947151355,0.8042373271285026,41.820341010682135
493,1.0,480,374,427,0.9905603403010236,0.0018274765018945426,0.988732863799129,51.41410891755471
494,0.0,480,353,448,0.20834363703338682,0.06739908059904276,0.14094455643434403,7.3291169345858895
494,0.25,480,353,448,0.3783555155302678,0.009715396602818243,0.36864011892744963,19.16928618422738
494,0.5,480,353,448,0.5714446042119474,-0.01573962936150109,0.5871842335734484,30.533580145819318
494,0.75,480,353,448,0.822039632942923,-0.08077432934475273,0.9028139622876756,46.946326038959135
494,1.0,480,353,448,1.0070152313842666,-0.021058639418977572,1.0280738708032442,53.459841281768696
495,0.0,480,364,437,0.17523669480328372,-0.0008690766782736101,0.17610577148155734,9.157500117040982
495,0.25,480,364,437,0.4237034638265468,0.011393167648898861,0.4123102961776479,21.44013540123769
495,0.5,480,364,437,0.5831130539103294,0.04685241944764628,0.5362606344626831,27.885552992059523
495,0.75,480,364,437,0.7561072151006742,0.05766138646702644,0.6984458286336477,36.31918308894968
495,1.0,480,364,437,1.0192331412388684,0.01909411024626536,1.000139030992603,52.00722961161536
496,0.0,480,351,450,0.15953741941202632,0.08070859334287658,0.07882882606914975,4.099098955595787
496,0.25,480,351,450,0.3681793981975225,-0.040019028033691596,0.4081984262312141,21.226318164023134
496,0.5,480,351,450,0.5948074621205108,0.02390377700377312,0.5709036851167376,29.686991626070355
496,0.75,480,351,450,0.6854681442259415,0.06595460888133185,0.6195135353446097,32.21470383791971
496,1.0,480,351,450,0.9737470365624558,0.06452504832632892,0.9092219882361268,47.27954338827859
497,0.0,480,351,450,0.22252276591255427,0.07964041609131857,0.1428823498212357,7.429882190704257
497,0.25,480,351,450,0.47244628924299187,-0.05759165776038125,0.5300379470033731,27.561973244175405
497,0.5,480,351,450,0.5863522601114441,-0.06683111137246357,0.6531833714839078,33.96553531716321
497,0.75,480,351,450,0.8164637134025947,-0.11474243287176225,0.9312061462743569,48.42271960626656
497,1.0,480,351,450,1.0890773623507988,0.003746771003527098,1.0853305913472715,56.43719075005812
498,0.0,480,372,429,0.13330142531583383,0.038356570281413906,0.09494485503441992,4.937132461789836
498,0.25,480,372,429,0.4022835353555756,-0.0424596857892781,0.4447432211448537,23.126647499532393
498,0.5,480,372,429,0.6783375488011366,0.0708642333195051,0.6074733154816315,31.588612405044838
498,0.75,480,372,429,0.7829854916880782,0.07442030493007909,0.7085651867579991,36.845389711415955
498,1.0,480,372,429,1.1225795529861982,0.07350460634251652,1.0490749466436817,54.55189722547145
499,0.0,480,370,431,0.12965262957470763,0.011049175507328377,0.11860345406737925,6.167379611503721
499,0.25,480,370,431,0.3823852756323858,-0.043628544861200234,0.426013820493586,22.152718665666473
499,0.5,480,370,431,0.4954058897041227,0.020513736927966583,0.4748921527761561,24.694391944360117
499,0.75,480,370,431,0.7590724160781535,-0.022796524215245875,0.7818689402933993,40.65718489525676
499,1.0,480,370,431,1.0481405904598187,-0.07466113296496868,1.1228017234247871,58.38568961808893
